--
-- PostgreSQL database dump
--

-- Dumped from database version 15.13 (Debian 15.13-1.pgdg120+1)
-- Dumped by pg_dump version 15.13 (Debian 15.13-1.pgdg120+1)

SET statement_timeout = 0;
SET lock_timeout = 0;
SET idle_in_transaction_session_timeout = 0;
SET client_encoding = 'UTF8';
SET standard_conforming_strings = on;
SELECT pg_catalog.set_config('search_path', '', false);
SET check_function_bodies = false;
SET xmloption = content;
SET client_min_messages = warning;
SET row_security = off;

SET default_tablespace = '';

SET default_table_access_method = heap;

--
-- Name: auth_group; Type: TABLE; Schema: public; Owner: domanda
--

CREATE TABLE public.auth_group (
    id integer NOT NULL,
    name character varying(150) NOT NULL
);


ALTER TABLE public.auth_group OWNER TO domanda;

--
-- Name: auth_group_id_seq; Type: SEQUENCE; Schema: public; Owner: domanda
--

ALTER TABLE public.auth_group ALTER COLUMN id ADD GENERATED BY DEFAULT AS IDENTITY (
    SEQUENCE NAME public.auth_group_id_seq
    START WITH 1
    INCREMENT BY 1
    NO MINVALUE
    NO MAXVALUE
    CACHE 1
);


--
-- Name: auth_group_permissions; Type: TABLE; Schema: public; Owner: domanda
--

CREATE TABLE public.auth_group_permissions (
    id bigint NOT NULL,
    group_id integer NOT NULL,
    permission_id integer NOT NULL
);


ALTER TABLE public.auth_group_permissions OWNER TO domanda;

--
-- Name: auth_group_permissions_id_seq; Type: SEQUENCE; Schema: public; Owner: domanda
--

ALTER TABLE public.auth_group_permissions ALTER COLUMN id ADD GENERATED BY DEFAULT AS IDENTITY (
    SEQUENCE NAME public.auth_group_permissions_id_seq
    START WITH 1
    INCREMENT BY 1
    NO MINVALUE
    NO MAXVALUE
    CACHE 1
);


--
-- Name: auth_permission; Type: TABLE; Schema: public; Owner: domanda
--

CREATE TABLE public.auth_permission (
    id integer NOT NULL,
    name character varying(255) NOT NULL,
    content_type_id integer NOT NULL,
    codename character varying(100) NOT NULL
);


ALTER TABLE public.auth_permission OWNER TO domanda;

--
-- Name: auth_permission_id_seq; Type: SEQUENCE; Schema: public; Owner: domanda
--

ALTER TABLE public.auth_permission ALTER COLUMN id ADD GENERATED BY DEFAULT AS IDENTITY (
    SEQUENCE NAME public.auth_permission_id_seq
    START WITH 1
    INCREMENT BY 1
    NO MINVALUE
    NO MAXVALUE
    CACHE 1
);


--
-- Name: django_admin_log; Type: TABLE; Schema: public; Owner: domanda
--

CREATE TABLE public.django_admin_log (
    id integer NOT NULL,
    action_time timestamp with time zone NOT NULL,
    object_id text,
    object_repr character varying(200) NOT NULL,
    action_flag smallint NOT NULL,
    change_message text NOT NULL,
    content_type_id integer,
    user_id bigint NOT NULL,
    CONSTRAINT django_admin_log_action_flag_check CHECK ((action_flag >= 0))
);


ALTER TABLE public.django_admin_log OWNER TO domanda;

--
-- Name: django_admin_log_id_seq; Type: SEQUENCE; Schema: public; Owner: domanda
--

ALTER TABLE public.django_admin_log ALTER COLUMN id ADD GENERATED BY DEFAULT AS IDENTITY (
    SEQUENCE NAME public.django_admin_log_id_seq
    START WITH 1
    INCREMENT BY 1
    NO MINVALUE
    NO MAXVALUE
    CACHE 1
);


--
-- Name: django_content_type; Type: TABLE; Schema: public; Owner: domanda
--

CREATE TABLE public.django_content_type (
    id integer NOT NULL,
    app_label character varying(100) NOT NULL,
    model character varying(100) NOT NULL
);


ALTER TABLE public.django_content_type OWNER TO domanda;

--
-- Name: django_content_type_id_seq; Type: SEQUENCE; Schema: public; Owner: domanda
--

ALTER TABLE public.django_content_type ALTER COLUMN id ADD GENERATED BY DEFAULT AS IDENTITY (
    SEQUENCE NAME public.django_content_type_id_seq
    START WITH 1
    INCREMENT BY 1
    NO MINVALUE
    NO MAXVALUE
    CACHE 1
);


--
-- Name: django_migrations; Type: TABLE; Schema: public; Owner: domanda
--

CREATE TABLE public.django_migrations (
    id bigint NOT NULL,
    app character varying(255) NOT NULL,
    name character varying(255) NOT NULL,
    applied timestamp with time zone NOT NULL
);


ALTER TABLE public.django_migrations OWNER TO domanda;

--
-- Name: django_migrations_id_seq; Type: SEQUENCE; Schema: public; Owner: domanda
--

ALTER TABLE public.django_migrations ALTER COLUMN id ADD GENERATED BY DEFAULT AS IDENTITY (
    SEQUENCE NAME public.django_migrations_id_seq
    START WITH 1
    INCREMENT BY 1
    NO MINVALUE
    NO MAXVALUE
    CACHE 1
);


--
-- Name: django_session; Type: TABLE; Schema: public; Owner: domanda
--

CREATE TABLE public.django_session (
    session_key character varying(40) NOT NULL,
    session_data text NOT NULL,
    expire_date timestamp with time zone NOT NULL
);


ALTER TABLE public.django_session OWNER TO domanda;

--
-- Name: faq_faq; Type: TABLE; Schema: public; Owner: domanda
--

CREATE TABLE public.faq_faq (
    id bigint NOT NULL,
    question character varying(500) NOT NULL,
    answer text NOT NULL,
    "order" integer NOT NULL,
    is_active boolean NOT NULL,
    views_count integer NOT NULL,
    helpful_count integer NOT NULL,
    created_at timestamp with time zone NOT NULL,
    updated_at timestamp with time zone NOT NULL,
    created_by_id bigint,
    category_id bigint NOT NULL,
    CONSTRAINT faq_faq_helpful_count_check CHECK ((helpful_count >= 0)),
    CONSTRAINT faq_faq_order_check CHECK (("order" >= 0)),
    CONSTRAINT faq_faq_views_count_check CHECK ((views_count >= 0))
);


ALTER TABLE public.faq_faq OWNER TO domanda;

--
-- Name: faq_faq_id_seq; Type: SEQUENCE; Schema: public; Owner: domanda
--

ALTER TABLE public.faq_faq ALTER COLUMN id ADD GENERATED BY DEFAULT AS IDENTITY (
    SEQUENCE NAME public.faq_faq_id_seq
    START WITH 1
    INCREMENT BY 1
    NO MINVALUE
    NO MAXVALUE
    CACHE 1
);


--
-- Name: faq_faqcategory; Type: TABLE; Schema: public; Owner: domanda
--

CREATE TABLE public.faq_faqcategory (
    id bigint NOT NULL,
    name character varying(100) NOT NULL,
    slug character varying(50) NOT NULL,
    description text NOT NULL,
    icon character varying(50) NOT NULL,
    "order" integer NOT NULL,
    is_active boolean NOT NULL,
    created_at timestamp with time zone NOT NULL,
    updated_at timestamp with time zone NOT NULL,
    CONSTRAINT faq_faqcategory_order_check CHECK (("order" >= 0))
);


ALTER TABLE public.faq_faqcategory OWNER TO domanda;

--
-- Name: faq_faqcategory_id_seq; Type: SEQUENCE; Schema: public; Owner: domanda
--

ALTER TABLE public.faq_faqcategory ALTER COLUMN id ADD GENERATED BY DEFAULT AS IDENTITY (
    SEQUENCE NAME public.faq_faqcategory_id_seq
    START WITH 1
    INCREMENT BY 1
    NO MINVALUE
    NO MAXVALUE
    CACHE 1
);


--
-- Name: faq_faqcomment; Type: TABLE; Schema: public; Owner: domanda
--

CREATE TABLE public.faq_faqcomment (
    id bigint NOT NULL,
    comment text NOT NULL,
    status character varying(20) NOT NULL,
    is_question boolean NOT NULL,
    likes_count integer NOT NULL,
    created_at timestamp with time zone NOT NULL,
    updated_at timestamp with time zone NOT NULL,
    faq_id bigint,
    user_id bigint NOT NULL,
    CONSTRAINT faq_faqcomment_likes_count_check CHECK ((likes_count >= 0))
);


ALTER TABLE public.faq_faqcomment OWNER TO domanda;

--
-- Name: faq_faqcomment_id_seq; Type: SEQUENCE; Schema: public; Owner: domanda
--

ALTER TABLE public.faq_faqcomment ALTER COLUMN id ADD GENERATED BY DEFAULT AS IDENTITY (
    SEQUENCE NAME public.faq_faqcomment_id_seq
    START WITH 1
    INCREMENT BY 1
    NO MINVALUE
    NO MAXVALUE
    CACHE 1
);


--
-- Name: faq_faqcommentlike; Type: TABLE; Schema: public; Owner: domanda
--

CREATE TABLE public.faq_faqcommentlike (
    id bigint NOT NULL,
    created_at timestamp with time zone NOT NULL,
    comment_id bigint NOT NULL,
    user_id bigint NOT NULL
);


ALTER TABLE public.faq_faqcommentlike OWNER TO domanda;

--
-- Name: faq_faqcommentlike_id_seq; Type: SEQUENCE; Schema: public; Owner: domanda
--

ALTER TABLE public.faq_faqcommentlike ALTER COLUMN id ADD GENERATED BY DEFAULT AS IDENTITY (
    SEQUENCE NAME public.faq_faqcommentlike_id_seq
    START WITH 1
    INCREMENT BY 1
    NO MINVALUE
    NO MAXVALUE
    CACHE 1
);


--
-- Name: faq_faqcommentreply; Type: TABLE; Schema: public; Owner: domanda
--

CREATE TABLE public.faq_faqcommentreply (
    id bigint NOT NULL,
    reply text NOT NULL,
    created_at timestamp with time zone NOT NULL,
    updated_at timestamp with time zone NOT NULL,
    admin_id bigint NOT NULL,
    comment_id bigint NOT NULL
);


ALTER TABLE public.faq_faqcommentreply OWNER TO domanda;

--
-- Name: faq_faqcommentreply_id_seq; Type: SEQUENCE; Schema: public; Owner: domanda
--

ALTER TABLE public.faq_faqcommentreply ALTER COLUMN id ADD GENERATED BY DEFAULT AS IDENTITY (
    SEQUENCE NAME public.faq_faqcommentreply_id_seq
    START WITH 1
    INCREMENT BY 1
    NO MINVALUE
    NO MAXVALUE
    CACHE 1
);


--
-- Name: faq_faqhelpfulvote; Type: TABLE; Schema: public; Owner: domanda
--

CREATE TABLE public.faq_faqhelpfulvote (
    id bigint NOT NULL,
    created_at timestamp with time zone NOT NULL,
    faq_id bigint NOT NULL,
    user_id bigint NOT NULL
);


ALTER TABLE public.faq_faqhelpfulvote OWNER TO domanda;

--
-- Name: faq_faqhelpfulvote_id_seq; Type: SEQUENCE; Schema: public; Owner: domanda
--

ALTER TABLE public.faq_faqhelpfulvote ALTER COLUMN id ADD GENERATED BY DEFAULT AS IDENTITY (
    SEQUENCE NAME public.faq_faqhelpfulvote_id_seq
    START WITH 1
    INCREMENT BY 1
    NO MINVALUE
    NO MAXVALUE
    CACHE 1
);


--
-- Name: messaggi_messaggio; Type: TABLE; Schema: public; Owner: domanda
--

CREATE TABLE public.messaggi_messaggio (
    id bigint NOT NULL,
    testo text NOT NULL,
    data_invio timestamp with time zone NOT NULL,
    mittente_id bigint NOT NULL,
    progetto_id bigint NOT NULL
);


ALTER TABLE public.messaggi_messaggio OWNER TO domanda;

--
-- Name: messaggi_messaggio_id_seq; Type: SEQUENCE; Schema: public; Owner: domanda
--

ALTER TABLE public.messaggi_messaggio ALTER COLUMN id ADD GENERATED BY DEFAULT AS IDENTITY (
    SEQUENCE NAME public.messaggi_messaggio_id_seq
    START WITH 1
    INCREMENT BY 1
    NO MINVALUE
    NO MAXVALUE
    CACHE 1
);


--
-- Name: offerte_offerta; Type: TABLE; Schema: public; Owner: domanda
--

CREATE TABLE public.offerte_offerta (
    id bigint NOT NULL,
    descrizione text NOT NULL,
    prezzo numeric(10,2) NOT NULL,
    data_offerta timestamp with time zone NOT NULL,
    stato character varying(20) NOT NULL,
    fornitore_id bigint NOT NULL,
    richiesta_id bigint NOT NULL,
    in_attesa_approvazione boolean NOT NULL
);


ALTER TABLE public.offerte_offerta OWNER TO domanda;

--
-- Name: offerte_offerta_id_seq; Type: SEQUENCE; Schema: public; Owner: domanda
--

ALTER TABLE public.offerte_offerta ALTER COLUMN id ADD GENERATED BY DEFAULT AS IDENTITY (
    SEQUENCE NAME public.offerte_offerta_id_seq
    START WITH 1
    INCREMENT BY 1
    NO MINVALUE
    NO MAXVALUE
    CACHE 1
);


--
-- Name: prodotti_prodottopronto; Type: TABLE; Schema: public; Owner: domanda
--

CREATE TABLE public.prodotti_prodottopronto (
    id bigint NOT NULL,
    titolo character varying(200) NOT NULL,
    descrizione text NOT NULL,
    link_demo character varying(200) NOT NULL,
    data_pubblicazione timestamp with time zone NOT NULL,
    fornitore_id bigint NOT NULL,
    immagine character varying(100),
    categoria character varying(50) NOT NULL,
    prezzo numeric(10,2) NOT NULL
);


ALTER TABLE public.prodotti_prodottopronto OWNER TO domanda;

--
-- Name: prodotti_prodottopronto_id_seq; Type: SEQUENCE; Schema: public; Owner: domanda
--

ALTER TABLE public.prodotti_prodottopronto ALTER COLUMN id ADD GENERATED BY DEFAULT AS IDENTITY (
    SEQUENCE NAME public.prodotti_prodottopronto_id_seq
    START WITH 1
    INCREMENT BY 1
    NO MINVALUE
    NO MAXVALUE
    CACHE 1
);


--
-- Name: progetti_progetto; Type: TABLE; Schema: public; Owner: domanda
--

CREATE TABLE public.progetti_progetto (
    id bigint NOT NULL,
    stato character varying(20) NOT NULL,
    data_inizio timestamp with time zone NOT NULL,
    data_fine timestamp with time zone,
    cliente_id bigint NOT NULL,
    fornitore_id bigint NOT NULL,
    offerta_id bigint,
    richiesta_id bigint NOT NULL,
    bozza_cliente_ok boolean NOT NULL,
    bozza_fornitore_ok boolean NOT NULL,
    consegna_cliente_ok boolean NOT NULL,
    consegna_fornitore_ok boolean NOT NULL,
    pagamento_admin_ok boolean NOT NULL,
    pagamento_cliente_ok boolean NOT NULL,
    archiviato boolean NOT NULL,
    archiviato_da_id bigint,
    data_archiviazione timestamp with time zone,
    bonifico_fornitore_ok boolean NOT NULL,
    tipo_progetto character varying(50) NOT NULL
);


ALTER TABLE public.progetti_progetto OWNER TO domanda;

--
-- Name: progetti_progetto_id_seq; Type: SEQUENCE; Schema: public; Owner: domanda
--

ALTER TABLE public.progetti_progetto ALTER COLUMN id ADD GENERATED BY DEFAULT AS IDENTITY (
    SEQUENCE NAME public.progetti_progetto_id_seq
    START WITH 1
    INCREMENT BY 1
    NO MINVALUE
    NO MAXVALUE
    CACHE 1
);


--
-- Name: progetti_steppersonalizzato; Type: TABLE; Schema: public; Owner: domanda
--

CREATE TABLE public.progetti_steppersonalizzato (
    id bigint NOT NULL,
    nome character varying(100) NOT NULL,
    ordine integer NOT NULL,
    completato_fornitore boolean NOT NULL,
    completato_cliente boolean NOT NULL,
    data_fornitore timestamp with time zone,
    data_cliente timestamp with time zone,
    progetto_id bigint NOT NULL,
    CONSTRAINT progetti_steppersonalizzato_ordine_check CHECK ((ordine >= 0))
);


ALTER TABLE public.progetti_steppersonalizzato OWNER TO domanda;

--
-- Name: progetti_steppersonalizzato_id_seq; Type: SEQUENCE; Schema: public; Owner: domanda
--

ALTER TABLE public.progetti_steppersonalizzato ALTER COLUMN id ADD GENERATED BY DEFAULT AS IDENTITY (
    SEQUENCE NAME public.progetti_steppersonalizzato_id_seq
    START WITH 1
    INCREMENT BY 1
    NO MINVALUE
    NO MAXVALUE
    CACHE 1
);


--
-- Name: recensioni_recensione; Type: TABLE; Schema: public; Owner: domanda
--

CREATE TABLE public.recensioni_recensione (
    id bigint NOT NULL,
    voto integer NOT NULL,
    commento text NOT NULL,
    data_recensione timestamp with time zone NOT NULL,
    autore_id bigint NOT NULL,
    destinatario_id bigint NOT NULL,
    progetto_id bigint NOT NULL
);


ALTER TABLE public.recensioni_recensione OWNER TO domanda;

--
-- Name: recensioni_recensione_id_seq; Type: SEQUENCE; Schema: public; Owner: domanda
--

ALTER TABLE public.recensioni_recensione ALTER COLUMN id ADD GENERATED BY DEFAULT AS IDENTITY (
    SEQUENCE NAME public.recensioni_recensione_id_seq
    START WITH 1
    INCREMENT BY 1
    NO MINVALUE
    NO MAXVALUE
    CACHE 1
);


--
-- Name: richieste_richiesta; Type: TABLE; Schema: public; Owner: domanda
--

CREATE TABLE public.richieste_richiesta (
    id bigint NOT NULL,
    titolo character varying(255) NOT NULL,
    descrizione text NOT NULL,
    budget numeric(10,2) NOT NULL,
    data_pubblicazione timestamp with time zone NOT NULL,
    stato character varying(20) NOT NULL,
    cliente_id bigint NOT NULL,
    immagine character varying(100),
    tipo_software character varying(50) NOT NULL,
    is_prodotto_acquistato boolean NOT NULL
);


ALTER TABLE public.richieste_richiesta OWNER TO domanda;

--
-- Name: richieste_richiesta_id_seq; Type: SEQUENCE; Schema: public; Owner: domanda
--

ALTER TABLE public.richieste_richiesta ALTER COLUMN id ADD GENERATED BY DEFAULT AS IDENTITY (
    SEQUENCE NAME public.richieste_richiesta_id_seq
    START WITH 1
    INCREMENT BY 1
    NO MINVALUE
    NO MAXVALUE
    CACHE 1
);


--
-- Name: testimonianze_testimonianza; Type: TABLE; Schema: public; Owner: domanda
--

CREATE TABLE public.testimonianze_testimonianza (
    id bigint NOT NULL,
    testo text NOT NULL,
    autore character varying(100) NOT NULL,
    tipo_autore character varying(20) NOT NULL,
    attivo boolean NOT NULL,
    data_creazione timestamp with time zone NOT NULL,
    ordine integer NOT NULL
);


ALTER TABLE public.testimonianze_testimonianza OWNER TO domanda;

--
-- Name: testimonianze_testimonianza_id_seq; Type: SEQUENCE; Schema: public; Owner: domanda
--

ALTER TABLE public.testimonianze_testimonianza ALTER COLUMN id ADD GENERATED BY DEFAULT AS IDENTITY (
    SEQUENCE NAME public.testimonianze_testimonianza_id_seq
    START WITH 1
    INCREMENT BY 1
    NO MINVALUE
    NO MAXVALUE
    CACHE 1
);


--
-- Name: transazioni_messaggio; Type: TABLE; Schema: public; Owner: domanda
--

CREATE TABLE public.transazioni_messaggio (
    id bigint NOT NULL
);


ALTER TABLE public.transazioni_messaggio OWNER TO domanda;

--
-- Name: transazioni_messaggio_id_seq; Type: SEQUENCE; Schema: public; Owner: domanda
--

ALTER TABLE public.transazioni_messaggio ALTER COLUMN id ADD GENERATED BY DEFAULT AS IDENTITY (
    SEQUENCE NAME public.transazioni_messaggio_id_seq
    START WITH 1
    INCREMENT BY 1
    NO MINVALUE
    NO MAXVALUE
    CACHE 1
);


--
-- Name: transazioni_transazione; Type: TABLE; Schema: public; Owner: domanda
--

CREATE TABLE public.transazioni_transazione (
    id bigint NOT NULL,
    importo_totale numeric(10,2) NOT NULL,
    commissione_cliente numeric(10,2) NOT NULL,
    commissione_fornitore numeric(10,2) NOT NULL,
    importo_fornitore numeric(10,2) NOT NULL,
    data_transazione timestamp with time zone NOT NULL,
    stato character varying(20) NOT NULL,
    progetto_id bigint NOT NULL
);


ALTER TABLE public.transazioni_transazione OWNER TO domanda;

--
-- Name: transazioni_transazione_id_seq; Type: SEQUENCE; Schema: public; Owner: domanda
--

ALTER TABLE public.transazioni_transazione ALTER COLUMN id ADD GENERATED BY DEFAULT AS IDENTITY (
    SEQUENCE NAME public.transazioni_transazione_id_seq
    START WITH 1
    INCREMENT BY 1
    NO MINVALUE
    NO MAXVALUE
    CACHE 1
);


--
-- Name: utenti_user; Type: TABLE; Schema: public; Owner: domanda
--

CREATE TABLE public.utenti_user (
    id bigint NOT NULL,
    password character varying(128) NOT NULL,
    last_login timestamp with time zone,
    is_superuser boolean NOT NULL,
    username character varying(150) NOT NULL,
    first_name character varying(150) NOT NULL,
    last_name character varying(150) NOT NULL,
    email character varying(254) NOT NULL,
    is_staff boolean NOT NULL,
    is_active boolean NOT NULL,
    date_joined timestamp with time zone NOT NULL,
    ruolo character varying(20) NOT NULL,
    stato character varying(20) NOT NULL,
    data_registrazione timestamp with time zone NOT NULL,
    data_cancellazione timestamp with time zone,
    data_richiesta_cancellazione timestamp with time zone,
    dati_anonimizzati boolean NOT NULL,
    richiesta_cancellazione boolean NOT NULL
);


ALTER TABLE public.utenti_user OWNER TO domanda;

--
-- Name: utenti_user_groups; Type: TABLE; Schema: public; Owner: domanda
--

CREATE TABLE public.utenti_user_groups (
    id bigint NOT NULL,
    user_id bigint NOT NULL,
    group_id integer NOT NULL
);


ALTER TABLE public.utenti_user_groups OWNER TO domanda;

--
-- Name: utenti_user_groups_id_seq; Type: SEQUENCE; Schema: public; Owner: domanda
--

ALTER TABLE public.utenti_user_groups ALTER COLUMN id ADD GENERATED BY DEFAULT AS IDENTITY (
    SEQUENCE NAME public.utenti_user_groups_id_seq
    START WITH 1
    INCREMENT BY 1
    NO MINVALUE
    NO MAXVALUE
    CACHE 1
);


--
-- Name: utenti_user_id_seq; Type: SEQUENCE; Schema: public; Owner: domanda
--

ALTER TABLE public.utenti_user ALTER COLUMN id ADD GENERATED BY DEFAULT AS IDENTITY (
    SEQUENCE NAME public.utenti_user_id_seq
    START WITH 1
    INCREMENT BY 1
    NO MINVALUE
    NO MAXVALUE
    CACHE 1
);


--
-- Name: utenti_user_user_permissions; Type: TABLE; Schema: public; Owner: domanda
--

CREATE TABLE public.utenti_user_user_permissions (
    id bigint NOT NULL,
    user_id bigint NOT NULL,
    permission_id integer NOT NULL
);


ALTER TABLE public.utenti_user_user_permissions OWNER TO domanda;

--
-- Name: utenti_user_user_permissions_id_seq; Type: SEQUENCE; Schema: public; Owner: domanda
--

ALTER TABLE public.utenti_user_user_permissions ALTER COLUMN id ADD GENERATED BY DEFAULT AS IDENTITY (
    SEQUENCE NAME public.utenti_user_user_permissions_id_seq
    START WITH 1
    INCREMENT BY 1
    NO MINVALUE
    NO MAXVALUE
    CACHE 1
);


--
-- Data for Name: auth_group; Type: TABLE DATA; Schema: public; Owner: domanda
--

COPY public.auth_group (id, name) FROM stdin;
\.


--
-- Data for Name: auth_group_permissions; Type: TABLE DATA; Schema: public; Owner: domanda
--

COPY public.auth_group_permissions (id, group_id, permission_id) FROM stdin;
\.


--
-- Data for Name: auth_permission; Type: TABLE DATA; Schema: public; Owner: domanda
--

COPY public.auth_permission (id, name, content_type_id, codename) FROM stdin;
1	Can add log entry	1	add_logentry
2	Can change log entry	1	change_logentry
3	Can delete log entry	1	delete_logentry
4	Can view log entry	1	view_logentry
5	Can add permission	2	add_permission
6	Can change permission	2	change_permission
7	Can delete permission	2	delete_permission
8	Can view permission	2	view_permission
9	Can add group	3	add_group
10	Can change group	3	change_group
11	Can delete group	3	delete_group
12	Can view group	3	view_group
13	Can add content type	4	add_contenttype
14	Can change content type	4	change_contenttype
15	Can delete content type	4	delete_contenttype
16	Can view content type	4	view_contenttype
17	Can add user	5	add_user
18	Can change user	5	change_user
19	Can delete user	5	delete_user
20	Can view user	5	view_user
21	Can add richiesta	6	add_richiesta
22	Can change richiesta	6	change_richiesta
23	Can delete richiesta	6	delete_richiesta
24	Can view richiesta	6	view_richiesta
25	Can add Offerta	7	add_offerta
26	Can change Offerta	7	change_offerta
27	Can delete Offerta	7	delete_offerta
28	Can view Offerta	7	view_offerta
29	Can add progetto	8	add_progetto
30	Can change progetto	8	change_progetto
31	Can delete progetto	8	delete_progetto
32	Can view progetto	8	view_progetto
33	Can add Messaggio	9	add_messaggio
34	Can change Messaggio	9	change_messaggio
35	Can delete Messaggio	9	delete_messaggio
36	Can view Messaggio	9	view_messaggio
37	Can add Prodotto Pronto	10	add_prodottopronto
38	Can change Prodotto Pronto	10	change_prodottopronto
39	Can delete Prodotto Pronto	10	delete_prodottopronto
40	Can view Prodotto Pronto	10	view_prodottopronto
41	Can add session	11	add_session
42	Can change session	11	change_session
43	Can delete session	11	delete_session
44	Can view session	11	view_session
45	Can add step personalizzato	12	add_steppersonalizzato
46	Can change step personalizzato	12	change_steppersonalizzato
47	Can delete step personalizzato	12	delete_steppersonalizzato
48	Can view step personalizzato	12	view_steppersonalizzato
49	Can add Transazione	13	add_transazione
50	Can change Transazione	13	change_transazione
51	Can delete Transazione	13	delete_transazione
52	Can view Transazione	13	view_transazione
53	Can add Messaggio	14	add_messaggio
54	Can change Messaggio	14	change_messaggio
55	Can delete Messaggio	14	delete_messaggio
56	Can view Messaggio	14	view_messaggio
57	Can add Recensione	15	add_recensione
58	Can change Recensione	15	change_recensione
59	Can delete Recensione	15	delete_recensione
60	Can view Recensione	15	view_recensione
61	Can add Testimonianza	16	add_testimonianza
62	Can change Testimonianza	16	change_testimonianza
63	Can delete Testimonianza	16	delete_testimonianza
64	Can view Testimonianza	16	view_testimonianza
65	Can add Risposta Admin	17	add_faqcommentreply
66	Can change Risposta Admin	17	change_faqcommentreply
67	Can delete Risposta Admin	17	delete_faqcommentreply
68	Can view Risposta Admin	17	view_faqcommentreply
69	Can add Commento FAQ	18	add_faqcomment
70	Can change Commento FAQ	18	change_faqcomment
71	Can delete Commento FAQ	18	delete_faqcomment
72	Can view Commento FAQ	18	view_faqcomment
73	Can add Voto Utilità	19	add_faqhelpfulvote
74	Can change Voto Utilità	19	change_faqhelpfulvote
75	Can delete Voto Utilità	19	delete_faqhelpfulvote
76	Can view Voto Utilità	19	view_faqhelpfulvote
77	Can add Categoria FAQ	20	add_faqcategory
78	Can change Categoria FAQ	20	change_faqcategory
79	Can delete Categoria FAQ	20	delete_faqcategory
80	Can view Categoria FAQ	20	view_faqcategory
81	Can add FAQ	21	add_faq
82	Can change FAQ	21	change_faq
83	Can delete FAQ	21	delete_faq
84	Can view FAQ	21	view_faq
85	Can add Like Commento	22	add_faqcommentlike
86	Can change Like Commento	22	change_faqcommentlike
87	Can delete Like Commento	22	delete_faqcommentlike
88	Can view Like Commento	22	view_faqcommentlike
\.


--
-- Data for Name: django_admin_log; Type: TABLE DATA; Schema: public; Owner: domanda
--

COPY public.django_admin_log (id, action_time, object_id, object_repr, action_flag, change_message, content_type_id, user_id) FROM stdin;
19	2025-05-28 06:09:57.603321+00	9	marco (cliente)	2	[{"changed": {"fields": ["Superuser status"]}}]	5	1
20	2025-05-28 06:11:23.717364+00	9	marco (cliente)	2	[{"changed": {"fields": ["Richiesta cancellazione"]}}]	5	1
21	2025-05-28 06:11:40.593855+00	9	marco (cliente)	2	[{"changed": {"fields": ["Data richiesta cancellazione", "Data cancellazione", "Dati anonimizzati"]}}]	5	1
22	2025-05-28 06:12:08.403168+00	9	marco (cliente)	3		5	1
23	2025-05-28 06:12:17.683881+00	8	Offerta di daniele per 123	3		7	1
24	2025-05-28 06:12:17.683948+00	6	Offerta di gino per 123	3		7	1
25	2025-05-28 06:13:02.891046+00	6	123 (lello)	3		6	1
26	2025-05-28 06:13:24.055092+00	10	lello (cliente)	3		5	1
27	2025-05-28 06:13:24.055154+00	8	daniele (fornitore)	3		5	1
28	2025-05-28 06:13:24.055198+00	6	gino (fornitore)	3		5	1
29	2025-05-28 06:13:24.055238+00	5	Davide (amministratore)	3		5	1
30	2025-05-28 06:13:24.055279+00	4	admin_django (cliente)	3		5	1
31	2025-05-28 06:13:59.674225+00	11	marco (cliente)	1	[{"added": {}}]	5	1
32	2025-05-28 10:43:26.873485+00	11	marco (cliente)	2	[]	5	1
33	2025-05-28 10:43:59.299338+00	2	cliente_test (cliente)	2	[{"changed": {"fields": ["Last login", "Superuser status"]}}]	5	1
34	2025-05-28 10:46:39.003109+00	12	gino (fornitore)	1	[{"added": {}}]	5	1
35	2025-05-28 10:57:33.772711+00	11	marco (cliente)	3		5	1
\.


--
-- Data for Name: django_content_type; Type: TABLE DATA; Schema: public; Owner: domanda
--

COPY public.django_content_type (id, app_label, model) FROM stdin;
1	admin	logentry
2	auth	permission
3	auth	group
4	contenttypes	contenttype
5	utenti	user
6	richieste	richiesta
7	offerte	offerta
8	progetti	progetto
9	messaggi	messaggio
10	prodotti	prodottopronto
11	sessions	session
12	progetti	steppersonalizzato
13	transazioni	transazione
14	transazioni	messaggio
15	recensioni	recensione
16	testimonianze	testimonianza
17	faq	faqcommentreply
18	faq	faqcomment
19	faq	faqhelpfulvote
20	faq	faqcategory
21	faq	faq
22	faq	faqcommentlike
\.


--
-- Data for Name: django_migrations; Type: TABLE DATA; Schema: public; Owner: domanda
--

COPY public.django_migrations (id, app, name, applied) FROM stdin;
1	contenttypes	0001_initial	2025-05-27 21:06:04.199397+00
2	contenttypes	0002_remove_content_type_name	2025-05-27 21:06:04.213787+00
3	auth	0001_initial	2025-05-27 21:06:04.331344+00
4	auth	0002_alter_permission_name_max_length	2025-05-27 21:06:04.343959+00
5	auth	0003_alter_user_email_max_length	2025-05-27 21:06:04.355534+00
6	auth	0004_alter_user_username_opts	2025-05-27 21:06:04.369914+00
7	auth	0005_alter_user_last_login_null	2025-05-27 21:06:04.389451+00
8	auth	0006_require_contenttypes_0002	2025-05-27 21:06:04.39579+00
9	auth	0007_alter_validators_add_error_messages	2025-05-27 21:06:04.409388+00
10	auth	0008_alter_user_username_max_length	2025-05-27 21:06:04.419465+00
11	auth	0009_alter_user_last_name_max_length	2025-05-27 21:06:04.429727+00
12	auth	0010_alter_group_name_max_length	2025-05-27 21:06:04.441702+00
13	auth	0011_update_proxy_permissions	2025-05-27 21:06:04.450464+00
14	auth	0012_alter_user_first_name_max_length	2025-05-27 21:06:04.460889+00
15	utenti	0001_initial	2025-05-27 21:06:04.601779+00
16	admin	0001_initial	2025-05-27 21:06:04.648464+00
17	admin	0002_logentry_remove_auto_add	2025-05-27 21:06:04.662089+00
18	admin	0003_logentry_add_action_flag_choices	2025-05-27 21:06:04.673835+00
19	richieste	0001_initial	2025-05-27 21:06:04.718568+00
20	offerte	0001_initial	2025-05-27 21:06:04.769178+00
21	progetti	0001_initial	2025-05-27 21:06:04.83274+00
22	messaggi	0001_initial	2025-05-27 21:06:04.884685+00
23	messaggi	0002_alter_messaggio_options	2025-05-27 21:06:04.901399+00
24	offerte	0002_alter_offerta_options	2025-05-27 21:06:04.918493+00
25	offerte	0003_offerta_in_attesa_approvazione	2025-05-27 21:06:04.940811+00
26	prodotti	0001_initial	2025-05-27 21:06:04.987421+00
27	prodotti	0002_prodottopronto_immagine	2025-05-27 21:06:05.006066+00
28	prodotti	0003_alter_prodottopronto_options_and_more	2025-05-27 21:06:05.103741+00
29	prodotti	0004_auto_20250524_1814	2025-05-27 21:06:12.809618+00
30	progetti	0002_alter_progetto_options	2025-05-27 21:06:18.643144+00
31	progetti	0003_alter_progetto_stato	2025-05-27 21:06:18.664875+00
32	progetti	0004_progetto_bozza_cliente_ok_and_more	2025-05-27 21:06:18.837423+00
33	progetti	0005_progetto_archiviato_progetto_archiviato_da_and_more	2025-05-27 21:06:18.909202+00
34	progetti	0006_progetto_bonifico_fornitore_ok	2025-05-27 21:06:18.933414+00
35	recensioni	0001_initial	2025-05-27 21:06:19.00314+00
36	recensioni	0002_alter_recensione_options	2025-05-27 21:06:19.032274+00
37	richieste	0002_alter_richiesta_options	2025-05-27 21:06:19.056006+00
38	richieste	0003_richiesta_immagine	2025-05-27 21:06:19.079568+00
39	richieste	0004_richiesta_tipo_software	2025-05-27 21:06:19.102158+00
40	sessions	0001_initial	2025-05-27 21:06:19.137108+00
41	testimonianze	0001_initial	2025-05-27 21:06:19.158128+00
42	transazioni	0001_initial	2025-05-27 21:06:19.20788+00
43	transazioni	0002_alter_transazione_options	2025-05-27 21:06:19.229176+00
44	transazioni	0003_messaggio	2025-05-27 21:06:19.241982+00
45	utenti	0002_user_data_cancellazione_and_more	2025-05-27 21:06:19.382412+00
46	progetti	0007_progetto_tipo_progetto_alter_progetto_offerta	2025-05-28 12:23:29.939806+00
47	richieste	0005_richiesta_is_prodotto_acquistato	2025-05-28 12:23:29.977584+00
48	faq	0001_initial	2025-06-01 01:59:49.084608+00
\.


--
-- Data for Name: django_session; Type: TABLE DATA; Schema: public; Owner: domanda
--

COPY public.django_session (session_key, session_data, expire_date) FROM stdin;
xvsn4ha59vg1p2oj7an5g847tmb6wv2p	.eJxVjEEOwiAQRe_C2hCgDGZcuvcMZGCmUjU0Ke2q8e5K0oVu_3vv7yrStpa4NVnixOqirDr9bonyU2oH_KB6n3We67pMSXdFH7Tp28zyuh7u30GhVnrtbM5svBdBH4IMbIDAWYuAIIOgABpyowgx4DlnQ36E5NLXFApWvT_rmziL:1uK9wK:MuueAhvfPF7iwf83rbd1JeDXKCrwInXZMBARfsRsW-Y	2025-06-11 06:07:00.176727+00
26moak12y3c09bd8dfzm4r3vdn5lq5vv	.eJxVjEEOwiAQRe_C2hCgDGZcuvcMZGCmUjU0Ke2q8e5K0oVu_3vv7yrStpa4NVnixOqirDr9bonyU2oH_KB6n3We67pMSXdFH7Tp28zyuh7u30GhVnrtbM5svBdBH4IMbIDAWYuAIIOgABpyowgx4DlnQ36E5NLXFApWvT_rmziL:1uKFwE:EaeH5ngUc5Qm6gHrH6iZMQDV6VZuy0HsvXAJa2zVtHo	2025-06-11 12:31:18.244322+00
\.


--
-- Data for Name: faq_faq; Type: TABLE DATA; Schema: public; Owner: domanda
--

COPY public.faq_faq (id, question, answer, "order", is_active, views_count, helpful_count, created_at, updated_at, created_by_id, category_id) FROM stdin;
1	Come posso registrarmi sulla piattaforma?	La registrazione è semplice e gratuita. Clicca su "Registrati" nella navbar, scegli se sei un Cliente o un Fornitore, compila il form con i tuoi dati e verifica la tua email. Per i Fornitori è richiesta una verifica aggiuntiva delle competenze.	1	t	0	0	2025-06-01 02:00:42.799349+00	2025-06-01 02:00:42.799367+00	1	1
2	Ho dimenticato la password, come posso recuperarla?	Nella pagina di login, clicca su "Password dimenticata?", inserisci la tua email e riceverai un link per reimpostare la password. Il link è valido per 24 ore.	2	t	0	0	2025-06-01 02:00:42.807473+00	2025-06-01 02:00:42.807491+00	1	1
3	Posso cambiare il mio tipo di account da Cliente a Fornitore?	Sì, puoi richiedere il cambio di tipologia account contattando il nostro supporto. Dovrai completare il processo di verifica per diventare Fornitore.	3	t	0	0	2025-06-01 02:00:42.813259+00	2025-06-01 02:00:42.813286+00	1	1
4	Come posso eliminare il mio account?	Puoi eliminare il tuo account dalle impostazioni del profilo o contattando il supporto. Nota che questa azione è irreversibile e tutti i tuoi dati verranno cancellati.	4	t	0	0	2025-06-01 02:00:42.819655+00	2025-06-01 02:00:42.819672+00	1	1
5	Come funziona il processo di creazione di un progetto?	Dopo aver effettuato l'accesso come Cliente, vai su "Nuova Richiesta", descrivi dettagliatamente le tue esigenze, imposta il budget e i tempi. I Fornitori potranno inviare le loro offerte e tu potrai scegliere quella migliore.	1	t	0	0	2025-06-01 02:00:42.825201+00	2025-06-01 02:00:42.825233+00	1	2
6	Quanto tempo ci vuole per ricevere le prime offerte?	Solitamente ricevi le prime offerte entro 24-48 ore dalla pubblicazione della richiesta. I Fornitori più attivi rispondono spesso entro poche ore.	2	t	0	0	2025-06-01 02:00:42.831402+00	2025-06-01 02:00:42.831419+00	1	2
7	Posso modificare una richiesta dopo averla pubblicata?	Sì, puoi modificare la richiesta finché non hai accettato un'offerta. Una volta iniziato il progetto, le modifiche devono essere concordate con il Fornitore.	3	t	0	0	2025-06-01 02:00:42.836859+00	2025-06-01 02:00:42.836876+00	1	2
8	Cosa succede se il progetto non viene completato nei tempi?	Puoi discutere con il Fornitore per una proroga. Se ci sono problemi, il nostro team di supporto interviene per mediare e trovare una soluzione equa.	4	t	0	0	2025-06-01 02:00:42.842556+00	2025-06-01 02:00:42.842571+00	1	2
9	I pagamenti sono sicuri?	Assolutamente sì! Utilizziamo sistemi di pagamento certificati e crittografia bancaria. I fondi vengono trattenuti in escrow fino al completamento soddisfacente del progetto.	1	t	0	0	2025-06-01 02:00:42.84682+00	2025-06-01 02:00:42.846836+00	1	3
10	Quando viene rilasciato il pagamento al Fornitore?	Il pagamento viene rilasciato automaticamente quando approvi il lavoro completato. I fondi sono già garantiti in escrow dal momento dell'accettazione dell'offerta.	2	t	0	0	2025-06-01 02:00:42.852138+00	2025-06-01 02:00:42.852153+00	1	3
11	Posso richiedere un rimborso?	Sì, se il Fornitore non rispetta gli accordi o il lavoro non è soddisfacente, puoi richiedere un rimborso. Il nostro team valuterà la situazione e medierà.	3	t	0	0	2025-06-01 02:00:42.856594+00	2025-06-01 02:00:42.856609+00	1	3
12	Quali metodi di pagamento accettate?	Accettiamo carte di credito/debito, PayPal, bonifici bancari e altri metodi di pagamento sicuri. Tutti i pagamenti sono protetti da crittografia SSL.	4	t	0	0	2025-06-01 02:00:42.862089+00	2025-06-01 02:00:42.862105+00	1	3
13	Come vengono verificati gli sviluppatori?	Ogni Fornitore passa attraverso un rigoroso processo di verifica: controllo identità, test tecnici, valutazione portfolio e verifica referenze professionali.	1	t	0	0	2025-06-01 02:00:42.866576+00	2025-06-01 02:00:42.86659+00	1	4
14	Come posso aumentare le mie possibilità di successo?	Completa il tuo profilo, pubblica prodotti di qualità, rispondi rapidamente alle richieste, mantieni una comunicazione professionale e accumula recensioni positive.	2	t	0	0	2025-06-01 02:00:42.87218+00	2025-06-01 02:00:42.872197+00	1	4
15	Qual è la commissione della piattaforma?	La piattaforma trattiene una piccola commissione sui progetti completati. Le tariffe sono trasparenti e visibili nel tuo profilo Fornitore.	3	t	0	0	2025-06-01 02:00:42.876302+00	2025-06-01 02:00:42.876316+00	1	4
16	Posso lavorare con clienti al di fuori della piattaforma?	Ti incoraggiamo a utilizzare la piattaforma per tutti i progetti per garantire sicurezza e supporto. I contatti diretti sono permessi ma non coperti dalle nostre garanzie.	4	t	0	0	2025-06-01 02:00:42.881612+00	2025-06-01 02:00:42.881626+00	1	4
17	Cosa succede se ci sono problemi durante il progetto?	Il nostro team di supporto monitora attivamente tutti i progetti. In caso di problemi, interveniamo immediatamente per mediare e trovare una soluzione equa per entrambe le parti.	1	t	0	0	2025-06-01 02:00:42.885865+00	2025-06-01 02:00:42.885888+00	1	5
18	Come posso contattare il supporto?	Puoi contattarci tramite email, chat dal vivo (disponibile 9-18), WhatsApp o attraverso il sistema di messaggi interno della piattaforma.	2	t	0	0	2025-06-01 02:00:42.891323+00	2025-06-01 02:00:42.891338+00	1	5
19	Quanto tempo ci vuole per ricevere una risposta dal supporto?	Rispondiamo entro 24 ore nei giorni lavorativi. Per urgenze, utilizza la chat dal vivo o WhatsApp per una risposta immediata.	3	t	0	0	2025-06-01 02:00:42.895596+00	2025-06-01 02:00:42.89561+00	1	5
20	Il supporto è disponibile in altre lingue?	Attualmente supportiamo Italiano e Inglese. Stiamo lavorando per aggiungere altre lingue in base alle richieste degli utenti.	4	t	0	0	2025-06-01 02:00:42.900784+00	2025-06-01 02:00:42.900799+00	1	5
\.


--
-- Data for Name: faq_faqcategory; Type: TABLE DATA; Schema: public; Owner: domanda
--

COPY public.faq_faqcategory (id, name, slug, description, icon, "order", is_active, created_at, updated_at) FROM stdin;
1	Account e Registrazione	account	Domande su registrazione, login e gestione account	FaUser	1	t	2025-06-01 02:00:42.758606+00	2025-06-01 02:00:42.758665+00
2	Gestione Progetti	progetti	Come creare, gestire e completare progetti	FaLightbulb	2	t	2025-06-01 02:00:42.770444+00	2025-06-01 02:00:42.770476+00
3	Pagamenti e Sicurezza	pagamenti	Informazioni su pagamenti, sicurezza e transazioni	FaShieldAlt	3	t	2025-06-01 02:00:42.777093+00	2025-06-01 02:00:42.777126+00
4	Sviluppatori	sviluppatori	Domande specifiche per fornitori e sviluppatori	FaUserShield	4	t	2025-06-01 02:00:42.783161+00	2025-06-01 02:00:42.783178+00
5	Supporto	supporto	Assistenza tecnica e supporto generale	FaComments	5	t	2025-06-01 02:00:42.787483+00	2025-06-01 02:00:42.787499+00
\.


--
-- Data for Name: faq_faqcomment; Type: TABLE DATA; Schema: public; Owner: domanda
--

COPY public.faq_faqcomment (id, comment, status, is_question, likes_count, created_at, updated_at, faq_id, user_id) FROM stdin;
\.


--
-- Data for Name: faq_faqcommentlike; Type: TABLE DATA; Schema: public; Owner: domanda
--

COPY public.faq_faqcommentlike (id, created_at, comment_id, user_id) FROM stdin;
\.


--
-- Data for Name: faq_faqcommentreply; Type: TABLE DATA; Schema: public; Owner: domanda
--

COPY public.faq_faqcommentreply (id, reply, created_at, updated_at, admin_id, comment_id) FROM stdin;
\.


--
-- Data for Name: faq_faqhelpfulvote; Type: TABLE DATA; Schema: public; Owner: domanda
--

COPY public.faq_faqhelpfulvote (id, created_at, faq_id, user_id) FROM stdin;
\.


--
-- Data for Name: messaggi_messaggio; Type: TABLE DATA; Schema: public; Owner: domanda
--

COPY public.messaggi_messaggio (id, testo, data_invio, mittente_id, progetto_id) FROM stdin;
7	ottimo cosa devo fare per contattarti?	2025-05-28 13:34:20.275886+00	20	7
\.


--
-- Data for Name: offerte_offerta; Type: TABLE DATA; Schema: public; Owner: domanda
--

COPY public.offerte_offerta (id, descrizione, prezzo, data_offerta, stato, fornitore_id, richiesta_id, in_attesa_approvazione) FROM stdin;
11	Vendita prodotto: Creazione Chatbot	2500.00	2025-05-28 13:34:02.65121+00	accettata	3	11	f
\.


--
-- Data for Name: prodotti_prodottopronto; Type: TABLE DATA; Schema: public; Owner: domanda
--

COPY public.prodotti_prodottopronto (id, titolo, descrizione, link_demo, data_pubblicazione, fornitore_id, immagine, categoria, prezzo) FROM stdin;
1	Creazione Chatbot	Creazione di chatbot per i fostri siti, per dare immediate risposte alle esigenze dei vostri clienti 24/24		2025-05-28 06:22:03.679187+00	3		script	2500.00
2	Consulenza specialistica LINUX	Se cerchi un esperto programmatore Linux contattami.		2025-05-28 13:33:35.581266+00	21		servizio	60.00
\.


--
-- Data for Name: progetti_progetto; Type: TABLE DATA; Schema: public; Owner: domanda
--

COPY public.progetti_progetto (id, stato, data_inizio, data_fine, cliente_id, fornitore_id, offerta_id, richiesta_id, bozza_cliente_ok, bozza_fornitore_ok, consegna_cliente_ok, consegna_fornitore_ok, pagamento_admin_ok, pagamento_cliente_ok, archiviato, archiviato_da_id, data_archiviazione, bonifico_fornitore_ok, tipo_progetto) FROM stdin;
7	in_corso	2025-05-28 13:34:02.657627+00	\N	20	3	11	11	f	t	f	f	f	f	f	\N	\N	f	richiesta_classica
\.


--
-- Data for Name: progetti_steppersonalizzato; Type: TABLE DATA; Schema: public; Owner: domanda
--

COPY public.progetti_steppersonalizzato (id, nome, ordine, completato_fornitore, completato_cliente, data_fornitore, data_cliente, progetto_id) FROM stdin;
\.


--
-- Data for Name: recensioni_recensione; Type: TABLE DATA; Schema: public; Owner: domanda
--

COPY public.recensioni_recensione (id, voto, commento, data_recensione, autore_id, destinatario_id, progetto_id) FROM stdin;
\.


--
-- Data for Name: richieste_richiesta; Type: TABLE DATA; Schema: public; Owner: domanda
--

COPY public.richieste_richiesta (id, titolo, descrizione, budget, data_pubblicazione, stato, cliente_id, immagine, tipo_software, is_prodotto_acquistato) FROM stdin;
9	Automazione  MCN	Automazione per macchine a controllo numerico, cercasi esperto	2000.00	2025-05-28 06:25:07.103454+00	aperta	2		automazione	f
10	APP per cellulare da usare in azienda	App per mac e androind con piccolo CRM per inserire ordini da cliente	1500.00	2025-05-28 13:31:15.40888+00	aperta	14		app_mobile	f
11	🛒 Acquisto: Creazione Chatbot	PRODOTTO ACQUISTATO\n━━━━━━━━━━━━━━━━━━━━━\n🎯 Prodotto: Creazione Chatbot\n👨‍💻 Fornitore: fornitore_test\n💰 Prezzo: €2500.00\n\n📋 Descrizione originale:\nCreazione di chatbot per i fostri siti, per dare immediate risposte alle esigenze dei vostri clienti 24/24\n\n📦 Questo è un progetto di consegna prodotto già sviluppato.	2500.00	2025-05-28 13:34:02.646438+00	in_lavorazione	20		altro	f
12	App per Idraulico	mi serve una app per gestire una attività come idraulico, fatemi sapere.	800.00	2025-05-30 17:30:26.721428+00	aperta	22		web_app	f
13	Cavoli fritti	con le cipolle	5000.00	2025-05-31 13:16:45.57575+00	aperta	22	richieste/claudia/temp_freepik__team-player-icon-featuring-a-caucasian-male-with-s__56442.jpeg	api_servizi	f
\.


--
-- Data for Name: testimonianze_testimonianza; Type: TABLE DATA; Schema: public; Owner: domanda
--

COPY public.testimonianze_testimonianza (id, testo, autore, tipo_autore, attivo, data_creazione, ordine) FROM stdin;
\.


--
-- Data for Name: transazioni_messaggio; Type: TABLE DATA; Schema: public; Owner: domanda
--

COPY public.transazioni_messaggio (id) FROM stdin;
\.


--
-- Data for Name: transazioni_transazione; Type: TABLE DATA; Schema: public; Owner: domanda
--

COPY public.transazioni_transazione (id, importo_totale, commissione_cliente, commissione_fornitore, importo_fornitore, data_transazione, stato, progetto_id) FROM stdin;
\.


--
-- Data for Name: utenti_user; Type: TABLE DATA; Schema: public; Owner: domanda
--

COPY public.utenti_user (id, password, last_login, is_superuser, username, first_name, last_name, email, is_staff, is_active, date_joined, ruolo, stato, data_registrazione, data_cancellazione, data_richiesta_cancellazione, dati_anonimizzati, richiesta_cancellazione) FROM stdin;
3	argon2$argon2id$v=19$m=102400,t=2,p=8$WVlMdldhdldKNzRIWElkNXlybFpwRA$eqJDXcefnj0dFWjm6J3ooasRVghW5JlK01FNZJWZVx0	\N	f	fornitore_test	Giovanni	Bianchi	fornitore@test.com	f	t	2025-05-27 21:08:25.678658+00	fornitore	attivo	2025-05-27 21:08:25.764192+00	\N	\N	f	f
15	argon2$argon2id$v=19$m=102400,t=2,p=8$VGJRMHNSN3lsY0dEUk5nQk5kZkdZNg$p6t6NsjhqamMUpwqJ3iQosW0TICKWxqCfsXLHbmU5S8	\N	f	test_user_nuovo			nuovo@test.com	f	t	2025-05-28 13:15:46.68323+00	cliente	attivo	2025-05-28 13:15:46.68355+00	\N	\N	f	f
16	argon2$argon2id$v=19$m=102400,t=2,p=8$b0tZbGdtYW41U0JuYmIza2JsM0JBaw$WPUB55rZOp2Jl5URzM4CF+X0fkLC1f2MS7uWLDPWU0g	\N	f	cliente_1748438510			cliente1748438510@test.com	f	t	2025-05-28 13:21:50.637492+00	cliente	attivo	2025-05-28 13:21:50.637903+00	\N	\N	f	f
17	argon2$argon2id$v=19$m=102400,t=2,p=8$MDhNSlVPS2t4Z0NwaWlHVDRscE1pZQ$6tMl0Wfe51VlYITn+vwujPqAVansO202LxklmDUgqJo	\N	f	fornitore_1748438510			fornitore1748438510@test.com	f	t	2025-05-28 13:21:50.881602+00	fornitore	attivo	2025-05-28 13:21:50.881898+00	\N	\N	f	f
18	argon2$argon2id$v=19$m=102400,t=2,p=8$ODFYVmpkR3F0VFJ2WnI5OE9LNUtRSA$RK+YXFMa/6D6OTlNMNVfzAqKJra9JlBdEfK0LB/EHCU	\N	f	cliente_1748438726			cliente1748438726@test.com	f	t	2025-05-28 13:25:26.168626+00	cliente	attivo	2025-05-28 13:25:26.169093+00	\N	\N	f	f
19	argon2$argon2id$v=19$m=102400,t=2,p=8$YWdEaHJvVmdPMmZmakdyTnhlOUI4Ng$eqFbQdvEbKMU5oIzVpUre9wF8/AfpA/cbafKAOV0WV8	\N	f	fornitore_1748438726			fornitore1748438726@test.com	f	t	2025-05-28 13:25:26.477511+00	fornitore	attivo	2025-05-28 13:25:26.477813+00	\N	\N	f	f
20	argon2$argon2id$v=19$m=102400,t=2,p=8$bm5sOFVnYzBReHp1d0xIZW1rT01MNQ$AM2ggJc6kbtcgCZ9fCRJ6VT0AgUfLTgWCtQgmneLkrk	\N	f	lello2			lello2@gmail.com	f	t	2025-05-28 13:32:00.686537+00	cliente	attivo	2025-05-28 13:32:00.686846+00	\N	\N	f	f
21	argon2$argon2id$v=19$m=102400,t=2,p=8$N1I5ZkFkdHFNM1c3UFkyeHJmUEJDMg$PxoLR1/48z/pf1/pG+tE6VRE5yrvCIq3klvUjA6S4SQ	\N	f	gino2			gino2@gmail.com	f	t	2025-05-28 13:32:27.853406+00	fornitore	attivo	2025-05-28 13:32:27.853683+00	\N	\N	f	f
22	argon2$argon2id$v=19$m=102400,t=2,p=8$amtiWmR2MUJCbDcwTVNrOXJzemlyVg$5ZHQwPBBCP1yt5v/5yUjY/W13x0SiaqdPlm1vrG86OQ	\N	f	claudia			claudia@gmail.com	f	t	2025-05-29 17:29:17.984101+00	cliente	attivo	2025-05-29 17:29:17.984412+00	\N	\N	f	f
2	argon2$argon2id$v=19$m=102400,t=2,p=8$MVlyS3NZZTBwN0RkZ05uS3BVcUFwaw$0MkJdidq21zo+72ISSMl2d8CiY64BY53XVTTWjPdklQ	2025-05-28 10:43:37+00	t	cliente_test	Mario	Rossi	cliente@test.com	f	t	2025-05-27 21:08:25+00	cliente	attivo	2025-05-27 21:08:25.672894+00	\N	\N	f	f
12	admin123	2025-05-28 10:45:51+00	t	gino			gino@gmail1.com	f	t	2025-05-28 10:45:43+00	fornitore	attivo	2025-05-28 10:46:38.986738+00	\N	\N	f	f
1	argon2$argon2id$v=19$m=102400,t=2,p=8$T1BTQ2lvSnBrQThzbEtaS3oyYlRiYQ$kN9ih+Tg7L+FBE2zTEvAQd+k4/z+62RWr4tZTSMlpVU	2025-05-28 12:31:18.239776+00	t	admin			admin@test.com	t	t	2025-05-27 21:08:25.464658+00	amministratore	attivo	2025-05-27 21:08:25.577519+00	\N	\N	f	f
13	argon2$argon2id$v=19$m=102400,t=2,p=8$SkhPUkllaldWOUJBT0lyT1ZpQWV5eQ$gAXfZq7kxkN4OlJp2DhzcjZGnDKMSqcIXXcgXEOerNk	\N	f	test_user_debug			test@debug.com	f	t	2025-05-28 13:14:33.296243+00	cliente	attivo	2025-05-28 13:14:33.296763+00	\N	\N	f	f
14	argon2$argon2id$v=19$m=102400,t=2,p=8$TDc1VWFrRUE0VW1wWFFMTTZqbXZjOQ$/mV1nyc9WHuyBe9sOYO+SAPstzEGvDqxLcLfZ+saG2k	\N	f	admin_test			admin@test.com	f	t	2025-05-28 13:15:12.424028+00	cliente	attivo	2025-05-28 13:15:12.424371+00	\N	\N	f	f
24	argon2$argon2id$v=19$m=102400,t=2,p=8$MlF4RGN4QVpRWTJKVk1pVVhIT3VVVQ$wAIfa1mFOPpvItbAijom6K4n3ybcD2cVYplihDARihg	\N	f	cinzia			cinzia@gmail.com	f	t	2025-05-29 17:31:21.009334+00	fornitore	attivo	2025-05-29 17:31:21.009696+00	\N	\N	f	f
\.


--
-- Data for Name: utenti_user_groups; Type: TABLE DATA; Schema: public; Owner: domanda
--

COPY public.utenti_user_groups (id, user_id, group_id) FROM stdin;
\.


--
-- Data for Name: utenti_user_user_permissions; Type: TABLE DATA; Schema: public; Owner: domanda
--

COPY public.utenti_user_user_permissions (id, user_id, permission_id) FROM stdin;
\.


--
-- Name: auth_group_id_seq; Type: SEQUENCE SET; Schema: public; Owner: domanda
--

SELECT pg_catalog.setval('public.auth_group_id_seq', 1, false);


--
-- Name: auth_group_permissions_id_seq; Type: SEQUENCE SET; Schema: public; Owner: domanda
--

SELECT pg_catalog.setval('public.auth_group_permissions_id_seq', 1, false);


--
-- Name: auth_permission_id_seq; Type: SEQUENCE SET; Schema: public; Owner: domanda
--

SELECT pg_catalog.setval('public.auth_permission_id_seq', 88, true);


--
-- Name: django_admin_log_id_seq; Type: SEQUENCE SET; Schema: public; Owner: domanda
--

SELECT pg_catalog.setval('public.django_admin_log_id_seq', 35, true);


--
-- Name: django_content_type_id_seq; Type: SEQUENCE SET; Schema: public; Owner: domanda
--

SELECT pg_catalog.setval('public.django_content_type_id_seq', 22, true);


--
-- Name: django_migrations_id_seq; Type: SEQUENCE SET; Schema: public; Owner: domanda
--

SELECT pg_catalog.setval('public.django_migrations_id_seq', 48, true);


--
-- Name: faq_faq_id_seq; Type: SEQUENCE SET; Schema: public; Owner: domanda
--

SELECT pg_catalog.setval('public.faq_faq_id_seq', 20, true);


--
-- Name: faq_faqcategory_id_seq; Type: SEQUENCE SET; Schema: public; Owner: domanda
--

SELECT pg_catalog.setval('public.faq_faqcategory_id_seq', 5, true);


--
-- Name: faq_faqcomment_id_seq; Type: SEQUENCE SET; Schema: public; Owner: domanda
--

SELECT pg_catalog.setval('public.faq_faqcomment_id_seq', 1, false);


--
-- Name: faq_faqcommentlike_id_seq; Type: SEQUENCE SET; Schema: public; Owner: domanda
--

SELECT pg_catalog.setval('public.faq_faqcommentlike_id_seq', 1, false);


--
-- Name: faq_faqcommentreply_id_seq; Type: SEQUENCE SET; Schema: public; Owner: domanda
--

SELECT pg_catalog.setval('public.faq_faqcommentreply_id_seq', 1, false);


--
-- Name: faq_faqhelpfulvote_id_seq; Type: SEQUENCE SET; Schema: public; Owner: domanda
--

SELECT pg_catalog.setval('public.faq_faqhelpfulvote_id_seq', 1, false);


--
-- Name: messaggi_messaggio_id_seq; Type: SEQUENCE SET; Schema: public; Owner: domanda
--

SELECT pg_catalog.setval('public.messaggi_messaggio_id_seq', 7, true);


--
-- Name: offerte_offerta_id_seq; Type: SEQUENCE SET; Schema: public; Owner: domanda
--

SELECT pg_catalog.setval('public.offerte_offerta_id_seq', 11, true);


--
-- Name: prodotti_prodottopronto_id_seq; Type: SEQUENCE SET; Schema: public; Owner: domanda
--

SELECT pg_catalog.setval('public.prodotti_prodottopronto_id_seq', 2, true);


--
-- Name: progetti_progetto_id_seq; Type: SEQUENCE SET; Schema: public; Owner: domanda
--

SELECT pg_catalog.setval('public.progetti_progetto_id_seq', 7, true);


--
-- Name: progetti_steppersonalizzato_id_seq; Type: SEQUENCE SET; Schema: public; Owner: domanda
--

SELECT pg_catalog.setval('public.progetti_steppersonalizzato_id_seq', 1, false);


--
-- Name: recensioni_recensione_id_seq; Type: SEQUENCE SET; Schema: public; Owner: domanda
--

SELECT pg_catalog.setval('public.recensioni_recensione_id_seq', 1, true);


--
-- Name: richieste_richiesta_id_seq; Type: SEQUENCE SET; Schema: public; Owner: domanda
--

SELECT pg_catalog.setval('public.richieste_richiesta_id_seq', 13, true);


--
-- Name: testimonianze_testimonianza_id_seq; Type: SEQUENCE SET; Schema: public; Owner: domanda
--

SELECT pg_catalog.setval('public.testimonianze_testimonianza_id_seq', 1, false);


--
-- Name: transazioni_messaggio_id_seq; Type: SEQUENCE SET; Schema: public; Owner: domanda
--

SELECT pg_catalog.setval('public.transazioni_messaggio_id_seq', 1, false);


--
-- Name: transazioni_transazione_id_seq; Type: SEQUENCE SET; Schema: public; Owner: domanda
--

SELECT pg_catalog.setval('public.transazioni_transazione_id_seq', 2, true);


--
-- Name: utenti_user_groups_id_seq; Type: SEQUENCE SET; Schema: public; Owner: domanda
--

SELECT pg_catalog.setval('public.utenti_user_groups_id_seq', 1, false);


--
-- Name: utenti_user_id_seq; Type: SEQUENCE SET; Schema: public; Owner: domanda
--

SELECT pg_catalog.setval('public.utenti_user_id_seq', 24, true);


--
-- Name: utenti_user_user_permissions_id_seq; Type: SEQUENCE SET; Schema: public; Owner: domanda
--

SELECT pg_catalog.setval('public.utenti_user_user_permissions_id_seq', 1, false);


--
-- Name: auth_group auth_group_name_key; Type: CONSTRAINT; Schema: public; Owner: domanda
--

ALTER TABLE ONLY public.auth_group
    ADD CONSTRAINT auth_group_name_key UNIQUE (name);


--
-- Name: auth_group_permissions auth_group_permissions_group_id_permission_id_0cd325b0_uniq; Type: CONSTRAINT; Schema: public; Owner: domanda
--

ALTER TABLE ONLY public.auth_group_permissions
    ADD CONSTRAINT auth_group_permissions_group_id_permission_id_0cd325b0_uniq UNIQUE (group_id, permission_id);


--
-- Name: auth_group_permissions auth_group_permissions_pkey; Type: CONSTRAINT; Schema: public; Owner: domanda
--

ALTER TABLE ONLY public.auth_group_permissions
    ADD CONSTRAINT auth_group_permissions_pkey PRIMARY KEY (id);


--
-- Name: auth_group auth_group_pkey; Type: CONSTRAINT; Schema: public; Owner: domanda
--

ALTER TABLE ONLY public.auth_group
    ADD CONSTRAINT auth_group_pkey PRIMARY KEY (id);


--
-- Name: auth_permission auth_permission_content_type_id_codename_01ab375a_uniq; Type: CONSTRAINT; Schema: public; Owner: domanda
--

ALTER TABLE ONLY public.auth_permission
    ADD CONSTRAINT auth_permission_content_type_id_codename_01ab375a_uniq UNIQUE (content_type_id, codename);


--
-- Name: auth_permission auth_permission_pkey; Type: CONSTRAINT; Schema: public; Owner: domanda
--

ALTER TABLE ONLY public.auth_permission
    ADD CONSTRAINT auth_permission_pkey PRIMARY KEY (id);


--
-- Name: django_admin_log django_admin_log_pkey; Type: CONSTRAINT; Schema: public; Owner: domanda
--

ALTER TABLE ONLY public.django_admin_log
    ADD CONSTRAINT django_admin_log_pkey PRIMARY KEY (id);


--
-- Name: django_content_type django_content_type_app_label_model_76bd3d3b_uniq; Type: CONSTRAINT; Schema: public; Owner: domanda
--

ALTER TABLE ONLY public.django_content_type
    ADD CONSTRAINT django_content_type_app_label_model_76bd3d3b_uniq UNIQUE (app_label, model);


--
-- Name: django_content_type django_content_type_pkey; Type: CONSTRAINT; Schema: public; Owner: domanda
--

ALTER TABLE ONLY public.django_content_type
    ADD CONSTRAINT django_content_type_pkey PRIMARY KEY (id);


--
-- Name: django_migrations django_migrations_pkey; Type: CONSTRAINT; Schema: public; Owner: domanda
--

ALTER TABLE ONLY public.django_migrations
    ADD CONSTRAINT django_migrations_pkey PRIMARY KEY (id);


--
-- Name: django_session django_session_pkey; Type: CONSTRAINT; Schema: public; Owner: domanda
--

ALTER TABLE ONLY public.django_session
    ADD CONSTRAINT django_session_pkey PRIMARY KEY (session_key);


--
-- Name: faq_faq faq_faq_pkey; Type: CONSTRAINT; Schema: public; Owner: domanda
--

ALTER TABLE ONLY public.faq_faq
    ADD CONSTRAINT faq_faq_pkey PRIMARY KEY (id);


--
-- Name: faq_faqcategory faq_faqcategory_pkey; Type: CONSTRAINT; Schema: public; Owner: domanda
--

ALTER TABLE ONLY public.faq_faqcategory
    ADD CONSTRAINT faq_faqcategory_pkey PRIMARY KEY (id);


--
-- Name: faq_faqcategory faq_faqcategory_slug_key; Type: CONSTRAINT; Schema: public; Owner: domanda
--

ALTER TABLE ONLY public.faq_faqcategory
    ADD CONSTRAINT faq_faqcategory_slug_key UNIQUE (slug);


--
-- Name: faq_faqcomment faq_faqcomment_pkey; Type: CONSTRAINT; Schema: public; Owner: domanda
--

ALTER TABLE ONLY public.faq_faqcomment
    ADD CONSTRAINT faq_faqcomment_pkey PRIMARY KEY (id);


--
-- Name: faq_faqcommentlike faq_faqcommentlike_pkey; Type: CONSTRAINT; Schema: public; Owner: domanda
--

ALTER TABLE ONLY public.faq_faqcommentlike
    ADD CONSTRAINT faq_faqcommentlike_pkey PRIMARY KEY (id);


--
-- Name: faq_faqcommentlike faq_faqcommentlike_user_id_comment_id_82d86dd9_uniq; Type: CONSTRAINT; Schema: public; Owner: domanda
--

ALTER TABLE ONLY public.faq_faqcommentlike
    ADD CONSTRAINT faq_faqcommentlike_user_id_comment_id_82d86dd9_uniq UNIQUE (user_id, comment_id);


--
-- Name: faq_faqcommentreply faq_faqcommentreply_comment_id_key; Type: CONSTRAINT; Schema: public; Owner: domanda
--

ALTER TABLE ONLY public.faq_faqcommentreply
    ADD CONSTRAINT faq_faqcommentreply_comment_id_key UNIQUE (comment_id);


--
-- Name: faq_faqcommentreply faq_faqcommentreply_pkey; Type: CONSTRAINT; Schema: public; Owner: domanda
--

ALTER TABLE ONLY public.faq_faqcommentreply
    ADD CONSTRAINT faq_faqcommentreply_pkey PRIMARY KEY (id);


--
-- Name: faq_faqhelpfulvote faq_faqhelpfulvote_pkey; Type: CONSTRAINT; Schema: public; Owner: domanda
--

ALTER TABLE ONLY public.faq_faqhelpfulvote
    ADD CONSTRAINT faq_faqhelpfulvote_pkey PRIMARY KEY (id);


--
-- Name: faq_faqhelpfulvote faq_faqhelpfulvote_user_id_faq_id_239e85d8_uniq; Type: CONSTRAINT; Schema: public; Owner: domanda
--

ALTER TABLE ONLY public.faq_faqhelpfulvote
    ADD CONSTRAINT faq_faqhelpfulvote_user_id_faq_id_239e85d8_uniq UNIQUE (user_id, faq_id);


--
-- Name: messaggi_messaggio messaggi_messaggio_pkey; Type: CONSTRAINT; Schema: public; Owner: domanda
--

ALTER TABLE ONLY public.messaggi_messaggio
    ADD CONSTRAINT messaggi_messaggio_pkey PRIMARY KEY (id);


--
-- Name: offerte_offerta offerte_offerta_pkey; Type: CONSTRAINT; Schema: public; Owner: domanda
--

ALTER TABLE ONLY public.offerte_offerta
    ADD CONSTRAINT offerte_offerta_pkey PRIMARY KEY (id);


--
-- Name: prodotti_prodottopronto prodotti_prodottopronto_pkey; Type: CONSTRAINT; Schema: public; Owner: domanda
--

ALTER TABLE ONLY public.prodotti_prodottopronto
    ADD CONSTRAINT prodotti_prodottopronto_pkey PRIMARY KEY (id);


--
-- Name: progetti_progetto progetti_progetto_pkey; Type: CONSTRAINT; Schema: public; Owner: domanda
--

ALTER TABLE ONLY public.progetti_progetto
    ADD CONSTRAINT progetti_progetto_pkey PRIMARY KEY (id);


--
-- Name: progetti_steppersonalizzato progetti_steppersonalizzato_pkey; Type: CONSTRAINT; Schema: public; Owner: domanda
--

ALTER TABLE ONLY public.progetti_steppersonalizzato
    ADD CONSTRAINT progetti_steppersonalizzato_pkey PRIMARY KEY (id);


--
-- Name: recensioni_recensione recensioni_recensione_pkey; Type: CONSTRAINT; Schema: public; Owner: domanda
--

ALTER TABLE ONLY public.recensioni_recensione
    ADD CONSTRAINT recensioni_recensione_pkey PRIMARY KEY (id);


--
-- Name: richieste_richiesta richieste_richiesta_pkey; Type: CONSTRAINT; Schema: public; Owner: domanda
--

ALTER TABLE ONLY public.richieste_richiesta
    ADD CONSTRAINT richieste_richiesta_pkey PRIMARY KEY (id);


--
-- Name: testimonianze_testimonianza testimonianze_testimonianza_pkey; Type: CONSTRAINT; Schema: public; Owner: domanda
--

ALTER TABLE ONLY public.testimonianze_testimonianza
    ADD CONSTRAINT testimonianze_testimonianza_pkey PRIMARY KEY (id);


--
-- Name: transazioni_messaggio transazioni_messaggio_pkey; Type: CONSTRAINT; Schema: public; Owner: domanda
--

ALTER TABLE ONLY public.transazioni_messaggio
    ADD CONSTRAINT transazioni_messaggio_pkey PRIMARY KEY (id);


--
-- Name: transazioni_transazione transazioni_transazione_pkey; Type: CONSTRAINT; Schema: public; Owner: domanda
--

ALTER TABLE ONLY public.transazioni_transazione
    ADD CONSTRAINT transazioni_transazione_pkey PRIMARY KEY (id);


--
-- Name: utenti_user_groups utenti_user_groups_pkey; Type: CONSTRAINT; Schema: public; Owner: domanda
--

ALTER TABLE ONLY public.utenti_user_groups
    ADD CONSTRAINT utenti_user_groups_pkey PRIMARY KEY (id);


--
-- Name: utenti_user_groups utenti_user_groups_user_id_group_id_c9f03d1e_uniq; Type: CONSTRAINT; Schema: public; Owner: domanda
--

ALTER TABLE ONLY public.utenti_user_groups
    ADD CONSTRAINT utenti_user_groups_user_id_group_id_c9f03d1e_uniq UNIQUE (user_id, group_id);


--
-- Name: utenti_user utenti_user_pkey; Type: CONSTRAINT; Schema: public; Owner: domanda
--

ALTER TABLE ONLY public.utenti_user
    ADD CONSTRAINT utenti_user_pkey PRIMARY KEY (id);


--
-- Name: utenti_user_user_permissions utenti_user_user_permiss_user_id_permission_id_1f7455eb_uniq; Type: CONSTRAINT; Schema: public; Owner: domanda
--

ALTER TABLE ONLY public.utenti_user_user_permissions
    ADD CONSTRAINT utenti_user_user_permiss_user_id_permission_id_1f7455eb_uniq UNIQUE (user_id, permission_id);


--
-- Name: utenti_user_user_permissions utenti_user_user_permissions_pkey; Type: CONSTRAINT; Schema: public; Owner: domanda
--

ALTER TABLE ONLY public.utenti_user_user_permissions
    ADD CONSTRAINT utenti_user_user_permissions_pkey PRIMARY KEY (id);


--
-- Name: utenti_user utenti_user_username_key; Type: CONSTRAINT; Schema: public; Owner: domanda
--

ALTER TABLE ONLY public.utenti_user
    ADD CONSTRAINT utenti_user_username_key UNIQUE (username);


--
-- Name: auth_group_name_a6ea08ec_like; Type: INDEX; Schema: public; Owner: domanda
--

CREATE INDEX auth_group_name_a6ea08ec_like ON public.auth_group USING btree (name varchar_pattern_ops);


--
-- Name: auth_group_permissions_group_id_b120cbf9; Type: INDEX; Schema: public; Owner: domanda
--

CREATE INDEX auth_group_permissions_group_id_b120cbf9 ON public.auth_group_permissions USING btree (group_id);


--
-- Name: auth_group_permissions_permission_id_84c5c92e; Type: INDEX; Schema: public; Owner: domanda
--

CREATE INDEX auth_group_permissions_permission_id_84c5c92e ON public.auth_group_permissions USING btree (permission_id);


--
-- Name: auth_permission_content_type_id_2f476e4b; Type: INDEX; Schema: public; Owner: domanda
--

CREATE INDEX auth_permission_content_type_id_2f476e4b ON public.auth_permission USING btree (content_type_id);


--
-- Name: django_admin_log_content_type_id_c4bce8eb; Type: INDEX; Schema: public; Owner: domanda
--

CREATE INDEX django_admin_log_content_type_id_c4bce8eb ON public.django_admin_log USING btree (content_type_id);


--
-- Name: django_admin_log_user_id_c564eba6; Type: INDEX; Schema: public; Owner: domanda
--

CREATE INDEX django_admin_log_user_id_c564eba6 ON public.django_admin_log USING btree (user_id);


--
-- Name: django_session_expire_date_a5c62663; Type: INDEX; Schema: public; Owner: domanda
--

CREATE INDEX django_session_expire_date_a5c62663 ON public.django_session USING btree (expire_date);


--
-- Name: django_session_session_key_c0390e0f_like; Type: INDEX; Schema: public; Owner: domanda
--

CREATE INDEX django_session_session_key_c0390e0f_like ON public.django_session USING btree (session_key varchar_pattern_ops);


--
-- Name: faq_faq_category_id_88b24c47; Type: INDEX; Schema: public; Owner: domanda
--

CREATE INDEX faq_faq_category_id_88b24c47 ON public.faq_faq USING btree (category_id);


--
-- Name: faq_faq_created_by_id_c5bdb65c; Type: INDEX; Schema: public; Owner: domanda
--

CREATE INDEX faq_faq_created_by_id_c5bdb65c ON public.faq_faq USING btree (created_by_id);


--
-- Name: faq_faqcategory_slug_ba411bc6_like; Type: INDEX; Schema: public; Owner: domanda
--

CREATE INDEX faq_faqcategory_slug_ba411bc6_like ON public.faq_faqcategory USING btree (slug varchar_pattern_ops);


--
-- Name: faq_faqcomment_faq_id_583d84ed; Type: INDEX; Schema: public; Owner: domanda
--

CREATE INDEX faq_faqcomment_faq_id_583d84ed ON public.faq_faqcomment USING btree (faq_id);


--
-- Name: faq_faqcomment_user_id_2c3d05f5; Type: INDEX; Schema: public; Owner: domanda
--

CREATE INDEX faq_faqcomment_user_id_2c3d05f5 ON public.faq_faqcomment USING btree (user_id);


--
-- Name: faq_faqcommentlike_comment_id_df26e50a; Type: INDEX; Schema: public; Owner: domanda
--

CREATE INDEX faq_faqcommentlike_comment_id_df26e50a ON public.faq_faqcommentlike USING btree (comment_id);


--
-- Name: faq_faqcommentlike_user_id_20169099; Type: INDEX; Schema: public; Owner: domanda
--

CREATE INDEX faq_faqcommentlike_user_id_20169099 ON public.faq_faqcommentlike USING btree (user_id);


--
-- Name: faq_faqcommentreply_admin_id_9edbbaf0; Type: INDEX; Schema: public; Owner: domanda
--

CREATE INDEX faq_faqcommentreply_admin_id_9edbbaf0 ON public.faq_faqcommentreply USING btree (admin_id);


--
-- Name: faq_faqhelpfulvote_faq_id_e93ccc7a; Type: INDEX; Schema: public; Owner: domanda
--

CREATE INDEX faq_faqhelpfulvote_faq_id_e93ccc7a ON public.faq_faqhelpfulvote USING btree (faq_id);


--
-- Name: faq_faqhelpfulvote_user_id_7a852724; Type: INDEX; Schema: public; Owner: domanda
--

CREATE INDEX faq_faqhelpfulvote_user_id_7a852724 ON public.faq_faqhelpfulvote USING btree (user_id);


--
-- Name: messaggi_messaggio_mittente_id_c93b718a; Type: INDEX; Schema: public; Owner: domanda
--

CREATE INDEX messaggi_messaggio_mittente_id_c93b718a ON public.messaggi_messaggio USING btree (mittente_id);


--
-- Name: messaggi_messaggio_progetto_id_c1c6a847; Type: INDEX; Schema: public; Owner: domanda
--

CREATE INDEX messaggi_messaggio_progetto_id_c1c6a847 ON public.messaggi_messaggio USING btree (progetto_id);


--
-- Name: offerte_offerta_fornitore_id_562216d1; Type: INDEX; Schema: public; Owner: domanda
--

CREATE INDEX offerte_offerta_fornitore_id_562216d1 ON public.offerte_offerta USING btree (fornitore_id);


--
-- Name: offerte_offerta_richiesta_id_6e7f8e98; Type: INDEX; Schema: public; Owner: domanda
--

CREATE INDEX offerte_offerta_richiesta_id_6e7f8e98 ON public.offerte_offerta USING btree (richiesta_id);


--
-- Name: prodotti_prodottopronto_fornitore_id_4c660b8a; Type: INDEX; Schema: public; Owner: domanda
--

CREATE INDEX prodotti_prodottopronto_fornitore_id_4c660b8a ON public.prodotti_prodottopronto USING btree (fornitore_id);


--
-- Name: progetti_progetto_archiviato_da_id_d731ad1c; Type: INDEX; Schema: public; Owner: domanda
--

CREATE INDEX progetti_progetto_archiviato_da_id_d731ad1c ON public.progetti_progetto USING btree (archiviato_da_id);


--
-- Name: progetti_progetto_cliente_id_1c797ebd; Type: INDEX; Schema: public; Owner: domanda
--

CREATE INDEX progetti_progetto_cliente_id_1c797ebd ON public.progetti_progetto USING btree (cliente_id);


--
-- Name: progetti_progetto_fornitore_id_5b25c557; Type: INDEX; Schema: public; Owner: domanda
--

CREATE INDEX progetti_progetto_fornitore_id_5b25c557 ON public.progetti_progetto USING btree (fornitore_id);


--
-- Name: progetti_progetto_offerta_id_5a04f2c3; Type: INDEX; Schema: public; Owner: domanda
--

CREATE INDEX progetti_progetto_offerta_id_5a04f2c3 ON public.progetti_progetto USING btree (offerta_id);


--
-- Name: progetti_progetto_richiesta_id_293cc643; Type: INDEX; Schema: public; Owner: domanda
--

CREATE INDEX progetti_progetto_richiesta_id_293cc643 ON public.progetti_progetto USING btree (richiesta_id);


--
-- Name: progetti_steppersonalizzato_progetto_id_3e547ed6; Type: INDEX; Schema: public; Owner: domanda
--

CREATE INDEX progetti_steppersonalizzato_progetto_id_3e547ed6 ON public.progetti_steppersonalizzato USING btree (progetto_id);


--
-- Name: recensioni_recensione_autore_id_dc763cfb; Type: INDEX; Schema: public; Owner: domanda
--

CREATE INDEX recensioni_recensione_autore_id_dc763cfb ON public.recensioni_recensione USING btree (autore_id);


--
-- Name: recensioni_recensione_destinatario_id_8ed87df3; Type: INDEX; Schema: public; Owner: domanda
--

CREATE INDEX recensioni_recensione_destinatario_id_8ed87df3 ON public.recensioni_recensione USING btree (destinatario_id);


--
-- Name: recensioni_recensione_progetto_id_c9520a84; Type: INDEX; Schema: public; Owner: domanda
--

CREATE INDEX recensioni_recensione_progetto_id_c9520a84 ON public.recensioni_recensione USING btree (progetto_id);


--
-- Name: richieste_richiesta_cliente_id_3663a1dc; Type: INDEX; Schema: public; Owner: domanda
--

CREATE INDEX richieste_richiesta_cliente_id_3663a1dc ON public.richieste_richiesta USING btree (cliente_id);


--
-- Name: transazioni_transazione_progetto_id_ebc3e449; Type: INDEX; Schema: public; Owner: domanda
--

CREATE INDEX transazioni_transazione_progetto_id_ebc3e449 ON public.transazioni_transazione USING btree (progetto_id);


--
-- Name: utenti_user_groups_group_id_9e02d1bd; Type: INDEX; Schema: public; Owner: domanda
--

CREATE INDEX utenti_user_groups_group_id_9e02d1bd ON public.utenti_user_groups USING btree (group_id);


--
-- Name: utenti_user_groups_user_id_b3f7b43a; Type: INDEX; Schema: public; Owner: domanda
--

CREATE INDEX utenti_user_groups_user_id_b3f7b43a ON public.utenti_user_groups USING btree (user_id);


--
-- Name: utenti_user_user_permissions_permission_id_80b93b4e; Type: INDEX; Schema: public; Owner: domanda
--

CREATE INDEX utenti_user_user_permissions_permission_id_80b93b4e ON public.utenti_user_user_permissions USING btree (permission_id);


--
-- Name: utenti_user_user_permissions_user_id_ac0348cd; Type: INDEX; Schema: public; Owner: domanda
--

CREATE INDEX utenti_user_user_permissions_user_id_ac0348cd ON public.utenti_user_user_permissions USING btree (user_id);


--
-- Name: utenti_user_username_dd8d98a0_like; Type: INDEX; Schema: public; Owner: domanda
--

CREATE INDEX utenti_user_username_dd8d98a0_like ON public.utenti_user USING btree (username varchar_pattern_ops);


--
-- Name: auth_group_permissions auth_group_permissio_permission_id_84c5c92e_fk_auth_perm; Type: FK CONSTRAINT; Schema: public; Owner: domanda
--

ALTER TABLE ONLY public.auth_group_permissions
    ADD CONSTRAINT auth_group_permissio_permission_id_84c5c92e_fk_auth_perm FOREIGN KEY (permission_id) REFERENCES public.auth_permission(id) DEFERRABLE INITIALLY DEFERRED;


--
-- Name: auth_group_permissions auth_group_permissions_group_id_b120cbf9_fk_auth_group_id; Type: FK CONSTRAINT; Schema: public; Owner: domanda
--

ALTER TABLE ONLY public.auth_group_permissions
    ADD CONSTRAINT auth_group_permissions_group_id_b120cbf9_fk_auth_group_id FOREIGN KEY (group_id) REFERENCES public.auth_group(id) DEFERRABLE INITIALLY DEFERRED;


--
-- Name: auth_permission auth_permission_content_type_id_2f476e4b_fk_django_co; Type: FK CONSTRAINT; Schema: public; Owner: domanda
--

ALTER TABLE ONLY public.auth_permission
    ADD CONSTRAINT auth_permission_content_type_id_2f476e4b_fk_django_co FOREIGN KEY (content_type_id) REFERENCES public.django_content_type(id) DEFERRABLE INITIALLY DEFERRED;


--
-- Name: django_admin_log django_admin_log_content_type_id_c4bce8eb_fk_django_co; Type: FK CONSTRAINT; Schema: public; Owner: domanda
--

ALTER TABLE ONLY public.django_admin_log
    ADD CONSTRAINT django_admin_log_content_type_id_c4bce8eb_fk_django_co FOREIGN KEY (content_type_id) REFERENCES public.django_content_type(id) DEFERRABLE INITIALLY DEFERRED;


--
-- Name: django_admin_log django_admin_log_user_id_c564eba6_fk_utenti_user_id; Type: FK CONSTRAINT; Schema: public; Owner: domanda
--

ALTER TABLE ONLY public.django_admin_log
    ADD CONSTRAINT django_admin_log_user_id_c564eba6_fk_utenti_user_id FOREIGN KEY (user_id) REFERENCES public.utenti_user(id) DEFERRABLE INITIALLY DEFERRED;


--
-- Name: faq_faq faq_faq_category_id_88b24c47_fk_faq_faqcategory_id; Type: FK CONSTRAINT; Schema: public; Owner: domanda
--

ALTER TABLE ONLY public.faq_faq
    ADD CONSTRAINT faq_faq_category_id_88b24c47_fk_faq_faqcategory_id FOREIGN KEY (category_id) REFERENCES public.faq_faqcategory(id) DEFERRABLE INITIALLY DEFERRED;


--
-- Name: faq_faq faq_faq_created_by_id_c5bdb65c_fk_utenti_user_id; Type: FK CONSTRAINT; Schema: public; Owner: domanda
--

ALTER TABLE ONLY public.faq_faq
    ADD CONSTRAINT faq_faq_created_by_id_c5bdb65c_fk_utenti_user_id FOREIGN KEY (created_by_id) REFERENCES public.utenti_user(id) DEFERRABLE INITIALLY DEFERRED;


--
-- Name: faq_faqcomment faq_faqcomment_faq_id_583d84ed_fk_faq_faq_id; Type: FK CONSTRAINT; Schema: public; Owner: domanda
--

ALTER TABLE ONLY public.faq_faqcomment
    ADD CONSTRAINT faq_faqcomment_faq_id_583d84ed_fk_faq_faq_id FOREIGN KEY (faq_id) REFERENCES public.faq_faq(id) DEFERRABLE INITIALLY DEFERRED;


--
-- Name: faq_faqcomment faq_faqcomment_user_id_2c3d05f5_fk_utenti_user_id; Type: FK CONSTRAINT; Schema: public; Owner: domanda
--

ALTER TABLE ONLY public.faq_faqcomment
    ADD CONSTRAINT faq_faqcomment_user_id_2c3d05f5_fk_utenti_user_id FOREIGN KEY (user_id) REFERENCES public.utenti_user(id) DEFERRABLE INITIALLY DEFERRED;


--
-- Name: faq_faqcommentlike faq_faqcommentlike_comment_id_df26e50a_fk_faq_faqcomment_id; Type: FK CONSTRAINT; Schema: public; Owner: domanda
--

ALTER TABLE ONLY public.faq_faqcommentlike
    ADD CONSTRAINT faq_faqcommentlike_comment_id_df26e50a_fk_faq_faqcomment_id FOREIGN KEY (comment_id) REFERENCES public.faq_faqcomment(id) DEFERRABLE INITIALLY DEFERRED;


--
-- Name: faq_faqcommentlike faq_faqcommentlike_user_id_20169099_fk_utenti_user_id; Type: FK CONSTRAINT; Schema: public; Owner: domanda
--

ALTER TABLE ONLY public.faq_faqcommentlike
    ADD CONSTRAINT faq_faqcommentlike_user_id_20169099_fk_utenti_user_id FOREIGN KEY (user_id) REFERENCES public.utenti_user(id) DEFERRABLE INITIALLY DEFERRED;


--
-- Name: faq_faqcommentreply faq_faqcommentreply_admin_id_9edbbaf0_fk_utenti_user_id; Type: FK CONSTRAINT; Schema: public; Owner: domanda
--

ALTER TABLE ONLY public.faq_faqcommentreply
    ADD CONSTRAINT faq_faqcommentreply_admin_id_9edbbaf0_fk_utenti_user_id FOREIGN KEY (admin_id) REFERENCES public.utenti_user(id) DEFERRABLE INITIALLY DEFERRED;


--
-- Name: faq_faqcommentreply faq_faqcommentreply_comment_id_98fb8897_fk_faq_faqcomment_id; Type: FK CONSTRAINT; Schema: public; Owner: domanda
--

ALTER TABLE ONLY public.faq_faqcommentreply
    ADD CONSTRAINT faq_faqcommentreply_comment_id_98fb8897_fk_faq_faqcomment_id FOREIGN KEY (comment_id) REFERENCES public.faq_faqcomment(id) DEFERRABLE INITIALLY DEFERRED;


--
-- Name: faq_faqhelpfulvote faq_faqhelpfulvote_faq_id_e93ccc7a_fk_faq_faq_id; Type: FK CONSTRAINT; Schema: public; Owner: domanda
--

ALTER TABLE ONLY public.faq_faqhelpfulvote
    ADD CONSTRAINT faq_faqhelpfulvote_faq_id_e93ccc7a_fk_faq_faq_id FOREIGN KEY (faq_id) REFERENCES public.faq_faq(id) DEFERRABLE INITIALLY DEFERRED;


--
-- Name: faq_faqhelpfulvote faq_faqhelpfulvote_user_id_7a852724_fk_utenti_user_id; Type: FK CONSTRAINT; Schema: public; Owner: domanda
--

ALTER TABLE ONLY public.faq_faqhelpfulvote
    ADD CONSTRAINT faq_faqhelpfulvote_user_id_7a852724_fk_utenti_user_id FOREIGN KEY (user_id) REFERENCES public.utenti_user(id) DEFERRABLE INITIALLY DEFERRED;


--
-- Name: messaggi_messaggio messaggi_messaggio_mittente_id_c93b718a_fk_utenti_user_id; Type: FK CONSTRAINT; Schema: public; Owner: domanda
--

ALTER TABLE ONLY public.messaggi_messaggio
    ADD CONSTRAINT messaggi_messaggio_mittente_id_c93b718a_fk_utenti_user_id FOREIGN KEY (mittente_id) REFERENCES public.utenti_user(id) DEFERRABLE INITIALLY DEFERRED;


--
-- Name: messaggi_messaggio messaggi_messaggio_progetto_id_c1c6a847_fk_progetti_progetto_id; Type: FK CONSTRAINT; Schema: public; Owner: domanda
--

ALTER TABLE ONLY public.messaggi_messaggio
    ADD CONSTRAINT messaggi_messaggio_progetto_id_c1c6a847_fk_progetti_progetto_id FOREIGN KEY (progetto_id) REFERENCES public.progetti_progetto(id) DEFERRABLE INITIALLY DEFERRED;


--
-- Name: offerte_offerta offerte_offerta_fornitore_id_562216d1_fk_utenti_user_id; Type: FK CONSTRAINT; Schema: public; Owner: domanda
--

ALTER TABLE ONLY public.offerte_offerta
    ADD CONSTRAINT offerte_offerta_fornitore_id_562216d1_fk_utenti_user_id FOREIGN KEY (fornitore_id) REFERENCES public.utenti_user(id) DEFERRABLE INITIALLY DEFERRED;


--
-- Name: offerte_offerta offerte_offerta_richiesta_id_6e7f8e98_fk_richieste_richiesta_id; Type: FK CONSTRAINT; Schema: public; Owner: domanda
--

ALTER TABLE ONLY public.offerte_offerta
    ADD CONSTRAINT offerte_offerta_richiesta_id_6e7f8e98_fk_richieste_richiesta_id FOREIGN KEY (richiesta_id) REFERENCES public.richieste_richiesta(id) DEFERRABLE INITIALLY DEFERRED;


--
-- Name: prodotti_prodottopronto prodotti_prodottopronto_fornitore_id_4c660b8a_fk_utenti_user_id; Type: FK CONSTRAINT; Schema: public; Owner: domanda
--

ALTER TABLE ONLY public.prodotti_prodottopronto
    ADD CONSTRAINT prodotti_prodottopronto_fornitore_id_4c660b8a_fk_utenti_user_id FOREIGN KEY (fornitore_id) REFERENCES public.utenti_user(id) DEFERRABLE INITIALLY DEFERRED;


--
-- Name: progetti_progetto progetti_progetto_archiviato_da_id_d731ad1c_fk_utenti_user_id; Type: FK CONSTRAINT; Schema: public; Owner: domanda
--

ALTER TABLE ONLY public.progetti_progetto
    ADD CONSTRAINT progetti_progetto_archiviato_da_id_d731ad1c_fk_utenti_user_id FOREIGN KEY (archiviato_da_id) REFERENCES public.utenti_user(id) DEFERRABLE INITIALLY DEFERRED;


--
-- Name: progetti_progetto progetti_progetto_cliente_id_1c797ebd_fk_utenti_user_id; Type: FK CONSTRAINT; Schema: public; Owner: domanda
--

ALTER TABLE ONLY public.progetti_progetto
    ADD CONSTRAINT progetti_progetto_cliente_id_1c797ebd_fk_utenti_user_id FOREIGN KEY (cliente_id) REFERENCES public.utenti_user(id) DEFERRABLE INITIALLY DEFERRED;


--
-- Name: progetti_progetto progetti_progetto_fornitore_id_5b25c557_fk_utenti_user_id; Type: FK CONSTRAINT; Schema: public; Owner: domanda
--

ALTER TABLE ONLY public.progetti_progetto
    ADD CONSTRAINT progetti_progetto_fornitore_id_5b25c557_fk_utenti_user_id FOREIGN KEY (fornitore_id) REFERENCES public.utenti_user(id) DEFERRABLE INITIALLY DEFERRED;


--
-- Name: progetti_progetto progetti_progetto_offerta_id_5a04f2c3_fk_offerte_offerta_id; Type: FK CONSTRAINT; Schema: public; Owner: domanda
--

ALTER TABLE ONLY public.progetti_progetto
    ADD CONSTRAINT progetti_progetto_offerta_id_5a04f2c3_fk_offerte_offerta_id FOREIGN KEY (offerta_id) REFERENCES public.offerte_offerta(id) DEFERRABLE INITIALLY DEFERRED;


--
-- Name: progetti_progetto progetti_progetto_richiesta_id_293cc643_fk_richieste; Type: FK CONSTRAINT; Schema: public; Owner: domanda
--

ALTER TABLE ONLY public.progetti_progetto
    ADD CONSTRAINT progetti_progetto_richiesta_id_293cc643_fk_richieste FOREIGN KEY (richiesta_id) REFERENCES public.richieste_richiesta(id) DEFERRABLE INITIALLY DEFERRED;


--
-- Name: progetti_steppersonalizzato progetti_steppersona_progetto_id_3e547ed6_fk_progetti_; Type: FK CONSTRAINT; Schema: public; Owner: domanda
--

ALTER TABLE ONLY public.progetti_steppersonalizzato
    ADD CONSTRAINT progetti_steppersona_progetto_id_3e547ed6_fk_progetti_ FOREIGN KEY (progetto_id) REFERENCES public.progetti_progetto(id) DEFERRABLE INITIALLY DEFERRED;


--
-- Name: recensioni_recensione recensioni_recension_destinatario_id_8ed87df3_fk_utenti_us; Type: FK CONSTRAINT; Schema: public; Owner: domanda
--

ALTER TABLE ONLY public.recensioni_recensione
    ADD CONSTRAINT recensioni_recension_destinatario_id_8ed87df3_fk_utenti_us FOREIGN KEY (destinatario_id) REFERENCES public.utenti_user(id) DEFERRABLE INITIALLY DEFERRED;


--
-- Name: recensioni_recensione recensioni_recension_progetto_id_c9520a84_fk_progetti_; Type: FK CONSTRAINT; Schema: public; Owner: domanda
--

ALTER TABLE ONLY public.recensioni_recensione
    ADD CONSTRAINT recensioni_recension_progetto_id_c9520a84_fk_progetti_ FOREIGN KEY (progetto_id) REFERENCES public.progetti_progetto(id) DEFERRABLE INITIALLY DEFERRED;


--
-- Name: recensioni_recensione recensioni_recensione_autore_id_dc763cfb_fk_utenti_user_id; Type: FK CONSTRAINT; Schema: public; Owner: domanda
--

ALTER TABLE ONLY public.recensioni_recensione
    ADD CONSTRAINT recensioni_recensione_autore_id_dc763cfb_fk_utenti_user_id FOREIGN KEY (autore_id) REFERENCES public.utenti_user(id) DEFERRABLE INITIALLY DEFERRED;


--
-- Name: richieste_richiesta richieste_richiesta_cliente_id_3663a1dc_fk_utenti_user_id; Type: FK CONSTRAINT; Schema: public; Owner: domanda
--

ALTER TABLE ONLY public.richieste_richiesta
    ADD CONSTRAINT richieste_richiesta_cliente_id_3663a1dc_fk_utenti_user_id FOREIGN KEY (cliente_id) REFERENCES public.utenti_user(id) DEFERRABLE INITIALLY DEFERRED;


--
-- Name: transazioni_transazione transazioni_transazi_progetto_id_ebc3e449_fk_progetti_; Type: FK CONSTRAINT; Schema: public; Owner: domanda
--

ALTER TABLE ONLY public.transazioni_transazione
    ADD CONSTRAINT transazioni_transazi_progetto_id_ebc3e449_fk_progetti_ FOREIGN KEY (progetto_id) REFERENCES public.progetti_progetto(id) DEFERRABLE INITIALLY DEFERRED;


--
-- Name: utenti_user_groups utenti_user_groups_group_id_9e02d1bd_fk_auth_group_id; Type: FK CONSTRAINT; Schema: public; Owner: domanda
--

ALTER TABLE ONLY public.utenti_user_groups
    ADD CONSTRAINT utenti_user_groups_group_id_9e02d1bd_fk_auth_group_id FOREIGN KEY (group_id) REFERENCES public.auth_group(id) DEFERRABLE INITIALLY DEFERRED;


--
-- Name: utenti_user_groups utenti_user_groups_user_id_b3f7b43a_fk_utenti_user_id; Type: FK CONSTRAINT; Schema: public; Owner: domanda
--

ALTER TABLE ONLY public.utenti_user_groups
    ADD CONSTRAINT utenti_user_groups_user_id_b3f7b43a_fk_utenti_user_id FOREIGN KEY (user_id) REFERENCES public.utenti_user(id) DEFERRABLE INITIALLY DEFERRED;


--
-- Name: utenti_user_user_permissions utenti_user_user_per_permission_id_80b93b4e_fk_auth_perm; Type: FK CONSTRAINT; Schema: public; Owner: domanda
--

ALTER TABLE ONLY public.utenti_user_user_permissions
    ADD CONSTRAINT utenti_user_user_per_permission_id_80b93b4e_fk_auth_perm FOREIGN KEY (permission_id) REFERENCES public.auth_permission(id) DEFERRABLE INITIALLY DEFERRED;


--
-- Name: utenti_user_user_permissions utenti_user_user_permissions_user_id_ac0348cd_fk_utenti_user_id; Type: FK CONSTRAINT; Schema: public; Owner: domanda
--

ALTER TABLE ONLY public.utenti_user_user_permissions
    ADD CONSTRAINT utenti_user_user_permissions_user_id_ac0348cd_fk_utenti_user_id FOREIGN KEY (user_id) REFERENCES public.utenti_user(id) DEFERRABLE INITIALLY DEFERRED;


--
-- PostgreSQL database dump complete
--

